1	1	6:44	8:43	12:46	14:32	16:49	18:49
1	2	6:44	8:43	12:47	14:33	16:50	18:50
1	3	6:44	8:43	12:47	14:34	16:52	18:51
1	4	6:44	8:43	12:47	14:35	16:53	18:52
1	5	6:44	8:42	12:48	14:36	16:54	18:53
1	6	6:43	8:42	12:48	14:37	16:55	18:54
1	7	6:43	8:42	12:49	14:38	16:56	18:55
1	8	6:43	8:41	12:49	14:39	16:58	18:56
1	9	6:43	8:41	12:50	14:40	16:59	18:57
1	10	6:43	8:40	12:50	14:41	17:00	18:58
1	11	6:42	8:40	12:50	14:42	17:02	18:59
1	12	6:42	8:39	12:51	14:43	17:03	19:00
1	13	6:41	8:38	12:51	14:45	17:04	19:01
1	14	6:41	8:38	12:52	14:46	17:06	19:03
1	15	6:40	8:37	12:52	14:47	17:07	19:04
1	16	6:40	8:36	12:52	14:48	17:09	19:05
1	17	6:39	8:35	12:53	14:50	17:11	19:07
1	18	6:39	8:34	12:53	14:51	17:12	19:08
1	19	6:38	8:33	12:53	14:52	17:14	19:09
1	20	6:37	8:32	12:54	14:54	17:15	19:10
1	21	6:36	8:31	12:54	14:55	17:17	19:12
1	22	6:36	8:30	12:54	14:56	17:19	19:13
1	23	6:35	8:29	12:54	14:58	17:20	19:15
1	24	6:34	8:28	12:55	14:59	17:22	19:16
1	25	6:33	8:27	12:55	15:00	17:24	19:17
1	26	6:32	8:25	12:55	15:02	17:25	19:19
1	27	6:31	8:24	12:55	15:03	17:27	19:20
1	28	6:30	8:23	12:55	15:05	17:29	19:22
1	29	6:29	8:22	12:56	15:06	17:30	19:23
1	30	6:28	8:20	12:56	15:07	17:32	19:25
2	1	6:25	8:17	12:56	15:10	17:36	19:28
2	3	6:23	8:14	12:56	15:13	17:39	19:31
2	4	6:22	8:13	12:56	15:14	17:41	19:32
2	5	6:20	8:11	12:57	15:16	17:43	19:34
2	6	6:19	8:09	12:57	15:17	17:45	19:35
2	7	6:17	8:08	12:57	15:19	17:46	19:37
2	8	6:16	8:06	12:57	15:20	17:48	19:38
2	9	6:14	8:04	12:57	15:21	17:50	19:40
2	10	6:13	8:03	12:57	15:23	17:52	19:42
2	11	6:11	8:01	12:57	15:24	17:53	19:43
2	12	6:10	7:59	12:57	15:26	17:55	19:45
2	13	6:08	7:57	12:57	15:27	17:57	19:46
2	14	6:06	7:55	12:57	15:28	17:59	19:48
2	15	6:05	7:54	12:57	15:30	18:01	19:50
2	16	6:03	7:52	12:57	15:31	18:02	19:51
2	17	6:01	7:50	12:57	15:32	18:04	19:53
2	18	6:00	7:48	12:56	15:34	18:06	19:54
2	19	5:58	7:46	12:56	15:35	18:08	19:56
2	20	5:56	7:44	12:56	15:36	18:09	19:58
2	21	5:54	7:42	12:56	15:38	18:11	19:59
2	22	5:52	7:40	12:56	15:39	18:13	20:01
2	23	5:50	7:38	12:56	15:40	18:15	20:03
2	24	5:48	7:36	12:56	15:42	18:16	20:04
2	25	5:46	7:34	12:56	15:43	18:18	20:06
2	26	5:44	7:32	12:55	15:44	18:20	20:08
2	27	5:42	7:30	12:55	15:45	18:22	20:09
3	1	5:38	7:26	12:55	15:48	18:25	20:13
3	2	5:36	7:24	12:55	15:49	18:27	20:15
3	3	5:34	7:21	12:55	15:50	18:28	20:16
3	4	5:32	7:19	12:54	15:51	18:30	20:18
3	5	5:30	7:17	12:54	15:53	18:32	20:20
3	6	5:27	7:15	12:54	15:54	18:34	20:22
3	7	5:25	7:13	12:54	15:55	18:35	20:23
3	8	5:23	7:11	12:53	15:56	18:37	20:25
3	9	5:21	7:09	12:53	15:57	18:39	20:27
3	10	5:18	7:06	12:53	15:58	18:40	20:29
3	11	5:16	7:04	12:53	15:59	18:42	20:31
3	12	5:14	7:02	12:52	16:00	18:44	20:32
3	13	5:11	7:00	12:52	16:01	18:45	20:34
3	14	5:09	6:58	12:52	16:03	18:47	20:36
3	15	5:07	6:55	12:52	16:04	18:49	20:38
3	16	5:04	6:53	12:51	16:05	18:50	20:40
3	17	5:02	6:51	12:51	16:06	18:52	20:42
3	18	4:59	6:49	12:51	16:07	18:54	20:44
3	19	4:57	6:46	12:50	16:08	18:55	20:45
3	20	4:54	6:44	12:50	16:09	18:57	20:47
3	21	4:52	6:42	12:50	16:10	18:59	20:49
3	22	4:49	6:40	12:49	16:11	19:00	20:51
3	23	4:47	6:38	12:49	16:12	19:02	20:53
3	24	4:44	6:35	12:49	16:13	19:03	20:55
3	25	4:41	6:33	12:49	16:14	19:05	20:57
3	26	4:39	6:31	12:48	16:14	19:07	20:59
3	27	4:36	6:29	12:48	16:15	19:08	21:01
3	28	4:34	6:26	12:48	16:16	19:10	21:03
3	29	5:31	7:24	13:47	17:17	20:12	22:05
3	30	5:28	7:22	13:47	17:18	20:13	22:08
4	1	5:23	7:17	13:46	17:20	20:17	22:12
4	2	5:20	7:15	13:46	17:21	20:18	22:14
4	3	5:17	7:13	13:46	17:22	20:20	22:16
4	4	5:15	7:11	13:46	17:22	20:21	22:18
4	5	5:12	7:09	13:45	17:23	20:23	22:21
4	6	5:09	7:06	13:45	17:24	20:25	22:23
4	7	5:06	7:04	13:45	17:25	20:26	22:25
4	8	5:03	7:02	13:44	17:26	20:28	22:27
4	9	5:00	7:00	13:44	17:26	20:30	22:30
4	10	4:58	6:58	13:44	17:27	20:31	22:32
4	11	4:55	6:56	13:44	17:28	20:33	22:35
4	12	4:52	6:53	13:43	17:29	20:34	22:37
4	13	4:49	6:51	13:43	17:30	20:36	22:39
4	14	4:46	6:49	13:43	17:30	20:38	22:42
4	15	4:43	6:47	13:43	17:31	20:39	22:44
4	16	4:40	6:45	13:42	17:32	20:41	22:47
4	17	4:37	6:43	13:42	17:32	20:43	22:49
4	18	4:34	6:41	13:42	17:33	20:44	22:52
4	19	4:31	6:39	13:42	17:34	20:46	22:55
4	20	4:28	6:37	13:42	17:35	20:48	22:57
4	21	4:25	6:35	13:41	17:35	20:49	23:00
4	22	4:22	6:33	13:41	17:36	20:51	23:03
4	23	4:19	6:31	13:41	17:37	20:52	23:05
4	24	4:16	6:29	13:41	17:37	20:54	23:08
4	25	4:12	6:27	13:41	17:38	20:56	23:11
4	26	4:09	6:25	13:40	17:39	20:57	23:14
4	27	4:06	6:23	13:40	17:39	20:59	23:17
4	28	4:03	6:21	13:40	17:40	21:00	23:20
4	29	4:00	6:19	13:40	17:41	21:02	23:23
5	1	3:53	6:15	13:40	17:42	21:05	23:26
5	2	3:50	6:13	13:40	17:43	21:07	23:26
5	3	3:46	6:11	13:39	17:43	21:08	23:26
5	4	3:43	6:10	13:39	17:44	21:10	23:26
5	5	3:39	6:08	13:39	17:45	21:12	23:26
5	6	3:36	6:06	13:39	17:45	21:13	23:26
5	7	3:32	6:04	13:39	17:46	21:15	23:26
5	9	3:25	6:01	13:39	17:47	21:18	23:26
5	10	3:24	6:00	13:39	17:48	21:19	23:26
5	11	3:24	5:58	13:39	17:48	21:21	23:26
5	12	3:24	5:56	13:39	17:49	21:22	23:26
5	13	3:24	5:55	13:39	17:49	21:24	23:26
5	14	3:24	5:53	13:39	17:50	21:25	23:26
5	15	3:24	5:52	13:39	17:50	21:27	23:26
5	16	3:24	5:50	13:39	17:51	21:28	23:26
5	17	3:24	5:49	13:39	17:52	21:30	23:26
5	18	3:24	5:48	13:39	17:52	21:31	23:26
5	19	3:24	5:46	13:39	17:53	21:33	23:26
5	20	3:24	5:45	13:39	17:53	21:34	23:26
5	21	3:24	5:44	13:39	17:54	21:35	23:26
5	22	3:24	5:43	13:39	17:54	21:37	23:29
5	23	3:24	5:41	13:39	17:55	21:38	23:30
5	24	3:24	5:40	13:39	17:55	21:39	23:33
5	25	3:24	5:39	13:39	17:56	21:41	23:33
5	26	3:24	5:38	13:40	17:56	21:42	23:36
5	27	3:24	5:37	13:40	17:57	21:43	23:37
5	28	3:24	5:36	13:40	17:57	21:44	23:40
5	29	3:24	5:35	13:40	17:58	21:46	23:41
5	30	3:24	5:34	13:40	17:58	21:47	23:42
6	1	3:23	5:33	13:40	17:59	21:49	23:47
6	2	3:21	5:32	13:41	18:00	21:50	23:48
6	3	3:20	5:31	13:41	18:00	21:51	23:49
6	4	3:19	5:30	13:41	18:00	21:52	23:51
6	6	3:16	5:29	13:41	18:01	21:54	23:53
6	7	3:15	5:29	13:41	18:02	21:55	23:55
6	8	3:15	5:28	13:42	18:02	21:55	23:56
6	9	3:14	5:28	13:42	18:02	21:56	23:57
6	10	3:13	5:27	13:42	18:03	21:57	23:59
6	11	3:12	5:27	13:42	18:03	21:58	00:00
6	12	3:10	5:27	13:42	18:03	21:58	00:00
6	13	3:10	5:27	13:43	18:04	21:59	00:02
6	14	3:09	5:26	13:43	18:04	21:59	00:03
6	15	3:09	5:26	13:43	18:04	22:00	00:03
6	16	3:08	5:26	13:43	18:05	22:00	00:03
6	17	3:08	5:26	13:43	18:05	22:01	00:04
6	18	3:08	5:26	13:44	18:05	22:01	00:04
6	19	3:08	5:26	13:44	18:06	22:02	00:06
6	20	3:08	5:27	13:44	18:06	22:02	00:06
6	21	3:08	5:27	13:44	18:06	22:02	00:07
6	22	3:08	5:27	13:45	18:06	22:02	00:07
6	23	3:08	5:27	13:45	18:06	22:02	00:07
6	25	3:09	5:28	13:45	18:07	22:02	00:07
6	26	3:10	5:28	13:45	18:07	22:02	00:07
6	27	3:10	5:29	13:46	18:07	22:02	00:07
6	28	3:12	5:29	13:46	18:07	22:02	00:07
6	29	3:13	5:30	13:46	18:07	22:02	00:06
7	1	3:14	5:31	13:46	18:07	22:01	00:04
7	2	3:15	5:32	13:47	18:07	22:01	00:04
7	3	3:15	5:32	13:47	18:07	22:01	00:03
7	4	3:17	5:33	13:47	18:07	22:00	00:03
7	5	3:19	5:34	13:47	18:07	22:00	00:03
7	7	3:21	5:36	13:48	18:07	21:59	00:00
7	8	3:23	5:37	13:48	18:07	21:58	00:00
7	9	3:23	5:38	13:48	18:07	21:57	23:59
7	10	3:24	5:39	13:48	18:07	21:57	23:57
7	11	3:24	5:40	13:48	18:07	21:56	23:56
7	12	3:24	5:41	13:48	18:06	21:55	23:55
7	13	3:24	5:42	13:48	18:06	21:54	23:53
7	14	3:24	5:43	13:49	18:06	21:53	23:52
7	15	3:24	5:44	13:49	18:06	21:52	23:51
7	16	3:24	5:45	13:49	18:05	21:51	23:49
7	17	3:24	5:46	13:49	18:05	21:50	23:48
7	18	3:24	5:48	13:49	18:05	21:49	23:47
7	19	3:24	5:49	13:49	18:04	21:48	23:45
7	20	3:24	5:50	13:49	18:04	21:47	23:44
7	21	3:24	5:51	13:49	18:04	21:46	23:41
7	22	3:24	5:53	13:49	18:03	21:45	23:40
7	23	3:24	5:54	13:49	18:03	21:43	23:37
7	24	3:24	5:55	13:49	18:02	21:42	23:37
7	25	3:24	5:57	13:49	18:02	21:41	23:34
7	26	3:24	5:58	13:49	18:01	21:39	23:33
7	27	3:24	5:59	13:49	18:01	21:38	23:33
7	28	3:24	6:01	13:49	18:00	21:36	23:33
7	29	3:24	6:02	13:49	18:00	21:35	23:33
7	30	3:24	6:03	13:49	17:59	21:33	23:33
8	1	3:24	6:07	13:49	17:58	21:30	23:33
8	2	3:27	6:08	13:49	17:57	21:29	23:33
8	3	3:31	6:10	13:49	17:56	21:27	23:33
8	4	3:35	6:11	13:49	17:56	21:25	23:33
8	5	3:38	6:13	13:49	17:55	21:24	23:33
8	6	3:41	6:14	13:48	17:54	21:22	23:33
8	7	3:45	6:16	13:48	17:53	21:20	23:33
8	8	3:48	6:17	13:48	17:52	21:18	23:33
8	9	3:51	6:19	13:48	17:52	21:17	23:33
8	10	3:54	6:20	13:48	17:51	21:15	23:33
8	11	3:57	6:22	13:48	17:50	21:13	23:33
8	12	4:01	6:23	13:48	17:49	21:11	23:32
8	13	4:04	6:25	13:47	17:48	21:09	23:29
8	14	4:06	6:26	13:47	17:47	21:07	23:26
8	15	4:09	6:28	13:47	17:46	21:05	23:22
8	16	4:12	6:29	13:47	17:45	21:03	23:19
8	17	4:15	6:31	13:47	17:44	21:01	23:16
8	18	4:18	6:33	13:46	17:43	20:59	23:13
8	19	4:21	6:34	13:46	17:42	20:57	23:10
8	20	4:23	6:36	13:46	17:41	20:55	23:06
8	21	4:26	6:37	13:46	17:39	20:53	23:03
8	22	4:29	6:39	13:45	17:38	20:51	23:00
8	23	4:31	6:40	13:45	17:37	20:49	22:57
8	24	4:34	6:42	13:45	17:36	20:47	22:54
8	25	4:36	6:43	13:45	17:35	20:45	22:51
8	26	4:39	6:45	13:44	17:33	20:43	22:48
8	27	4:41	6:46	13:44	17:32	20:41	22:45
8	28	4:44	6:48	13:44	17:31	20:39	22:42
8	29	4:46	6:50	13:44	17:30	20:36	22:39
8	30	4:48	6:51	13:43	17:28	20:34	22:36
9	1	4:53	6:54	13:43	17:26	20:30	22:30
9	2	4:55	6:56	13:42	17:24	20:28	22:27
9	3	4:57	6:57	13:42	17:23	20:26	22:25
9	4	5:00	6:59	13:42	17:22	20:23	22:22
9	5	5:02	7:00	13:41	17:20	20:21	22:19
9	6	5:04	7:02	13:41	17:19	20:19	22:16
9	7	5:06	7:04	13:41	17:17	20:17	22:13
9	8	5:08	7:05	13:40	17:16	20:14	22:10
9	9	5:10	7:07	13:40	17:14	20:12	22:08
9	10	5:13	7:08	13:40	17:13	20:10	22:05
9	11	5:15	7:10	13:39	17:11	20:08	22:02
9	12	5:17	7:11	13:39	17:10	20:05	21:59
9	13	5:19	7:13	13:39	17:08	20:03	21:57
9	14	5:21	7:14	13:38	17:07	20:01	21:54
9	15	5:23	7:16	13:38	17:05	19:59	21:51
9	16	5:25	7:18	13:37	17:04	19:56	21:49
9	17	5:27	7:19	13:37	17:02	19:54	21:46
9	18	5:29	7:21	13:37	17:01	19:52	21:43
9	19	5:30	7:22	13:36	16:59	19:50	21:41
9	20	5:32	7:24	13:36	16:57	19:47	21:38
9	21	5:34	7:25	13:36	16:56	19:45	21:36
9	22	5:36	7:27	13:35	16:54	19:43	21:33
9	23	5:38	7:28	13:35	16:53	19:41	21:31
9	24	5:40	7:30	13:35	16:51	19:38	21:28
9	25	5:42	7:32	13:34	16:49	19:36	21:26
9	26	5:43	7:33	13:34	16:48	19:34	21:23
9	27	5:45	7:35	13:34	16:46	19:32	21:21
9	28	5:47	7:36	13:33	16:44	19:29	21:18
9	29	5:49	7:38	13:33	16:43	19:27	21:16
10	1	5:52	7:41	13:32	16:40	19:23	21:11
10	2	5:54	7:43	13:32	16:38	19:20	21:09
10	3	5:56	7:44	13:32	16:36	19:18	21:06
10	4	5:57	7:46	13:31	16:35	19:16	21:04
10	5	5:59	7:47	13:31	16:33	19:14	21:02
10	6	6:01	7:49	13:31	16:31	19:12	20:59
10	7	6:03	7:51	13:30	16:30	19:09	20:57
10	8	6:04	7:52	13:30	16:28	19:07	20:55
10	9	6:06	7:54	13:30	16:26	19:05	20:53
10	10	6:08	7:55	13:30	16:25	19:03	20:51
10	11	6:09	7:57	13:29	16:23	19:01	20:48
10	12	6:11	7:59	13:29	16:21	18:59	20:46
10	13	6:12	8:00	13:29	16:20	18:57	20:44
10	14	6:14	8:02	13:29	16:18	18:54	20:42
10	15	6:16	8:04	13:28	16:16	18:52	20:40
10	16	6:17	8:05	13:28	16:15	18:50	20:38
10	17	6:19	8:07	13:28	16:13	18:48	20:36
10	18	6:21	8:09	13:28	16:12	18:46	20:34
10	19	6:22	8:10	13:28	16:10	18:44	20:32
10	20	6:24	8:12	13:27	16:08	18:42	20:30
10	21	6:25	8:14	13:27	16:07	18:40	20:28
10	22	6:27	8:15	13:27	16:05	18:38	20:26
10	23	6:28	8:17	13:27	16:04	18:36	20:24
10	24	6:30	8:19	13:27	16:02	18:34	20:23
10	25	5:32	7:20	12:27	15:01	17:32	19:21
10	26	5:33	7:22	12:27	14:59	17:30	19:19
10	27	5:35	7:24	12:26	14:58	17:28	19:17
10	28	5:36	7:25	12:26	14:56	17:27	19:16
10	29	5:38	7:27	12:26	14:55	17:25	19:14
10	30	5:39	7:29	12:26	14:53	17:23	19:12
11	1	5:42	7:32	12:26	14:51	17:19	19:09
11	2	5:44	7:34	12:26	14:49	17:18	19:08
11	3	5:45	7:36	12:26	14:48	17:16	19:06
11	4	5:47	7:37	12:26	14:47	17:14	19:05
11	5	5:48	7:39	12:26	14:45	17:13	19:03
11	6	5:50	7:41	12:26	14:44	17:11	19:02
11	7	5:51	7:43	12:26	14:43	17:09	19:00
11	8	5:53	7:44	12:26	14:42	17:08	18:59
11	9	5:54	7:46	12:26	14:40	17:06	18:58
11	10	5:56	7:48	12:26	14:39	17:05	18:57
11	11	5:57	7:49	12:27	14:38	17:03	18:55
11	12	5:59	7:51	12:27	14:37	17:02	18:54
11	13	6:00	7:53	12:27	14:36	17:00	18:53
11	14	6:01	7:54	12:27	14:35	16:59	18:52
11	15	6:03	7:56	12:27	14:34	16:58	18:51
11	16	6:04	7:58	12:27	14:33	16:56	18:50
11	17	6:06	7:59	12:28	14:32	16:55	18:49
11	18	6:07	8:01	12:28	14:31	16:54	18:48
11	19	6:08	8:03	12:28	14:30	16:53	18:47
11	20	6:10	8:04	12:28	14:29	16:52	18:46
11	21	6:11	8:06	12:28	14:29	16:50	18:45
11	22	6:12	8:07	12:29	14:28	16:49	18:45
11	23	6:13	8:09	12:29	14:27	16:48	18:44
11	24	6:15	8:11	12:29	14:26	16:47	18:43
11	25	6:16	8:12	12:30	14:26	16:47	18:43
11	26	6:17	8:14	12:30	14:25	16:46	18:42
11	27	6:18	8:15	12:30	14:24	16:45	18:41
11	28	6:20	8:17	12:30	14:24	16:44	18:41
11	29	6:21	8:18	12:31	14:23	16:43	18:40
12	1	6:23	8:21	12:32	14:23	16:42	18:40
12	2	6:24	8:22	12:32	14:22	16:41	18:39
12	3	6:25	8:23	12:32	14:22	16:41	18:39
12	4	6:26	8:25	12:33	14:22	16:40	18:39
12	5	6:27	8:26	12:33	14:21	16:40	18:38
12	6	6:29	8:27	12:34	14:21	16:40	18:38
12	7	6:30	8:28	12:34	14:21	16:39	18:38
12	8	6:30	8:29	12:34	14:21	16:39	18:38
12	9	6:31	8:31	12:35	14:21	16:39	18:38
12	10	6:32	8:32	12:35	14:21	16:39	18:38
12	11	6:33	8:33	12:36	14:21	16:39	18:38
12	12	6:34	8:34	12:36	14:21	16:39	18:38
12	13	6:35	8:35	12:37	14:21	16:39	18:38
12	14	6:36	8:35	12:37	14:21	16:39	18:39
12	15	6:36	8:36	12:38	14:22	16:39	18:39
12	16	6:37	8:37	12:38	14:22	16:39	18:39
12	17	6:38	8:38	12:39	14:22	16:39	18:39
12	18	6:39	8:39	12:39	14:22	16:40	18:40
12	19	6:39	8:39	12:40	14:23	16:40	18:40
12	20	6:40	8:40	12:40	14:23	16:40	18:40
12	21	6:40	8:40	12:41	14:24	16:41	18:41
12	22	6:41	8:41	12:41	14:24	16:41	18:41
12	23	6:41	8:41	12:42	14:25	16:42	18:42
12	24	6:42	8:42	12:42	14:25	16:42	18:43
12	25	6:42	8:42	12:43	14:26	16:43	18:43
12	26	6:42	8:42	12:43	14:27	16:44	18:44
12	27	6:43	8:43	12:44	14:27	16:45	18:45
12	28	6:43	8:43	12:44	14:28	16:45	18:45
12	29	6:43	8:43	12:45	14:29	16:46	18:46
12	30	6:43	8:43	12:45	14:30	16:47	18:47
