01.01	tor	06:51	06:51	09:16	12:25	13:34	13:15	13:34	15:27	17:41	17:41	00:20
01.02	søn	06:20	06:20	08:28	12:35	14:35	14:05	14:35	16:35	18:33	18:33	00:30
01.03	søn	05:13	05:13	07:12	12:34	15:39	14:58	15:39	17:48	19:38	19:38	00:29
01.04	ons	04:26	04:26	06:39	13:30	16:47	16:47	17:41	20:04	22:02		01:20
01.05	fre		03:37	05:12	13:24	17:24	17:24	18:30	21:18	22:34		01:14
01.06	man		03:06	04:04	13:24	17:51	17:51	19:08	22:28	23:08		01:14
01.07	ons		02:59	03:57	13:30	18:01	18:01	19:19	22:46	23:26		01:20
01.08	lør		03:17	04:56	13:33	17:44	17:44	18:54	21:53	22:45		01:23
01.09	tir	03:40	03:40	06:10	13:26	16:59	16:59	17:57	20:26	22:11		01:16
01.10	tor	05:18	05:18	07:20	13:11	15:57	15:57	16:43	18:55	20:44	20:44	01:06
01.11	søn	05:31	05:31	07:37	12:05	14:23	13:50	14:23	16:26	18:19	18:19	00:00
01.12	tir	06:28	06:28	08:49	12:10	13:30	13:09	13:30	15:25	17:34	17:34	00:05
02.01	fre	06:51	06:51	09:16	12:25	13:36	13:16	13:36	15:28	17:42	17:42	00:20
02.02	man	06:18	06:18	08:25	12:35	14:37	14:07	14:37	16:38	18:35	18:35	00:30
02.03	man	05:10	05:10	07:10	12:34	15:42	15:00	15:42	17:51	19:41	19:41	00:29
02.04	tor	04:22	04:22	06:36	13:30	16:49	16:49	17:43	20:07	22:03		01:20
02.05	lør		03:37	05:09	13:23	17:25	17:25	18:32	21:21	22:35		01:13
02.06	tir		03:04	04:02	13:24	17:52	17:52	19:09	22:30	23:10		01:14
02.07	tor		03:00	03:58	13:30	18:01	18:01	19:19	22:46	23:26		01:20
02.08	søn		03:17	04:58	13:33	17:43	17:43	18:53	21:50	22:44		01:23
02.09	ons	03:44	03:44	06:12	13:26	16:57	16:57	17:54	20:23	22:10		01:16
02.10	fre	05:20	05:20	07:22	13:11	15:55	15:55	16:40	18:52	20:41	20:41	01:06
02.11	man	05:34	05:34	07:39	12:05	14:21	13:48	14:21	16:24	18:17	18:17	00:00
02.12	ons	06:30	06:30	08:51	12:11	13:29	13:08	13:29	15:23	17:33	17:33	00:06
03.01	lør	06:51	06:51	09:15	12:26	13:37	13:17	13:37	15:30	17:43	17:43	00:21
03.02	tir	06:16	06:16	08:23	12:35	14:39	14:09	14:39	16:40	18:37	18:37	00:30
03.03	tir	05:07	05:07	07:07	12:33	15:44	15:02	15:44	17:53	19:43	19:43	00:28
03.04	fre	04:18	04:18	06:33	13:30	16:50	16:50	17:45	20:09	22:04		01:20
03.05	søn		03:37	05:07	13:23	17:26	17:26	18:33	21:23	22:36		01:13
03.06	ons		03:03	04:01	13:25	17:52	17:52	19:09	22:31	23:11		01:15
03.07	fre		03:01	03:59	13:31	18:01	18:01	19:19	22:45	23:25		01:21
03.08	man		03:17	05:01	13:33	17:42	17:42	18:51	21:48	22:43		01:23
03.09	tor	03:48	03:48	06:14	13:26	16:55	16:55	17:52	20:20	22:09		01:16
03.10	lør	05:23	05:23	07:25	13:10	15:52	15:52	16:37	18:49	20:38	20:38	01:05
03.11	tir	05:36	05:36	07:42	12:05	14:19	13:47	14:19	16:21	18:15	18:15	00:00
03.12	tor	06:31	06:31	08:53	12:11	13:28	13:07	13:28	15:22	17:33	17:33	00:06
04.01	søn	06:51	06:51	09:14	12:26	13:38	13:19	13:38	15:31	17:44	17:44	00:21
04.02	ons	06:14	06:14	08:21	12:35	14:42	14:11	14:42	16:43	18:39	18:39	00:30
04.03	ons	05:04	05:04	07:04	12:33	15:46	15:04	15:46	17:56	19:46	19:46	00:28
04.04	lør	04:14	04:14	06:30	13:29	16:52	16:52	17:47	20:12	22:05		01:19
04.05	man		03:37	05:04	13:23	17:27	17:27	18:35	21:25	22:37		01:13
04.06	tor		03:02	04:00	13:25	17:53	17:53	19:10	22:33	23:13		01:15
04.07	lør		03:03	04:01	13:31	18:00	18:00	19:18	22:44	23:24		01:21
04.08	tir		03:17	05:03	13:33	17:41	17:41	18:50	21:45	22:42		01:23
04.09	fre	03:52	03:52	06:17	13:25	16:53	16:53	17:50	20:17	22:08		01:15
04.10	søn	05:25	05:25	07:27	13:10	15:50	15:50	16:35	18:46	20:35	20:35	01:05
04.11	ons	05:38	05:38	07:44	12:05	14:16	13:45	14:16	16:18	18:13	18:13	00:00
04.12	fre	06:32	06:32	08:55	12:12	13:27	13:07	13:27	15:21	17:32	17:32	00:07
05.01	man	06:50	06:50	09:14	12:27	13:40	13:20	13:40	15:33	17:45	17:45	00:22
05.02	tor	06:12	06:12	08:18	12:35	14:44	14:13	14:44	16:46	18:42	18:42	00:30
05.03	tor	05:01	05:01	07:01	12:33	15:48	15:05	15:48	17:58	19:48	19:48	00:28
05.04	søn	04:09	04:09	06:27	13:29	16:53	16:53	17:48	20:14	22:06		01:19
05.05	tir		03:37	05:01	13:23	17:28	17:28	18:36	21:28	22:39		01:13
05.06	fre		03:00	03:58	13:25	17:54	17:54	19:11	22:34	23:14		01:15
05.07	søn		03:04	04:02	13:31	18:00	18:00	19:18	22:43	23:23		01:21
05.08	ons		03:17	05:05	13:32	17:40	17:40	18:48	21:43	22:41		01:22
05.09	lør	03:56	03:56	06:19	13:25	16:51	16:51	17:47	20:14	22:07		01:15
05.10	man	05:28	05:28	07:30	13:10	15:48	15:48	16:32	18:43	20:32	20:32	01:05
05.11	tor	05:40	05:40	07:47	12:05	14:14	13:43	14:14	16:16	18:11	18:11	00:00
05.12	lør	06:34	06:34	08:57	12:12	13:27	13:06	13:27	15:20	17:31	17:31	00:07
06.01	tir	06:50	06:50	09:13	12:27	13:41	13:21	13:41	15:35	17:47	17:47	00:22
06.02	fre	06:10	06:10	08:16	12:35	14:46	14:15	14:46	16:48	18:44	18:44	00:30
06.03	fre	04:58	04:58	06:58	12:33	15:50	15:07	15:50	18:01	19:51	19:51	00:28
06.04	man	04:05	04:05	06:24	13:29	16:54	16:54	17:50	20:16	22:07		01:19
06.05	ons		03:37	04:59	13:23	17:29	17:29	18:37	21:30	22:40		01:13
06.06	lør		02:59	03:57	13:25	17:54	17:54	19:12	22:36	23:16		01:15
06.07	man		03:05	04:03	13:31	18:00	18:00	19:18	22:42	23:22		01:21
06.08	tor		03:17	05:08	13:32	17:39	17:39	18:47	21:40	22:39		01:22
06.09	søn	04:00	04:00	06:22	13:25	16:49	16:49	17:45	20:11	22:06		01:15
06.10	tir	05:31	05:31	07:32	13:10	15:46	15:46	16:29	18:40	20:28	20:28	01:05
06.11	fre	05:42	05:42	07:49	12:05	14:12	13:41	14:12	16:13	18:09	18:09	00:00
06.12	søn	06:35	06:35	08:59	12:12	13:26	13:06	13:26	15:19	17:31	17:31	00:07
07.01	ons	06:49	06:49	09:12	12:28	13:43	13:22	13:43	15:36	17:48	17:48	00:23
07.02	lør	06:08	06:08	08:13	12:36	14:49	14:17	14:49	16:51	18:46	18:46	00:31
07.03	lør	04:55	04:55	06:55	12:32	15:52	15:09	15:52	18:03	19:53	19:53	00:27
07.04	tir	04:00	04:00	06:21	13:29	16:56	16:56	17:52	20:19	22:09		01:19
07.05	tor		03:37	04:56	13:23	17:30	17:30	18:39	21:33	22:41		01:13
07.06	søn		02:58	03:56	13:25	17:55	17:55	19:12	22:37	23:17		01:15
07.07	tir		03:07	04:05	13:31	18:00	18:00	19:17	22:41	23:21		01:21
07.08	fre		03:17	05:10	13:32	17:37	17:37	18:45	21:37	22:38		01:22
07.09	man	04:04	04:04	06:24	13:24	16:48	16:48	17:43	20:08	22:05		01:14
07.10	ons	05:33	05:33	07:34	13:09	15:44	15:44	16:27	18:37	20:25	20:25	01:04
07.11	lør	05:44	05:44	07:52	12:05	14:10	13:39	14:10	16:11	18:07	18:07	00:00
07.12	man	06:36	06:36	09:00	12:13	13:25	13:06	13:25	15:18	17:31	17:31	00:08
08.01	tor	06:49	06:49	09:11	12:28	13:45	13:24	13:45	15:38	17:49	17:49	00:23
08.02	søn	06:06	06:06	08:11	12:36	14:51	14:19	14:51	16:54	18:48	18:48	00:31
08.03	søn	04:52	04:52	06:52	12:32	15:55	15:10	15:55	18:06	19:56	19:56	00:27
08.04	ons	03:56	03:56	06:18	13:28	16:57	16:57	17:54	20:21	22:10		01:18
08.05	fre		03:37	04:54	13:23	17:31	17:31	18:40	21:35	22:42		01:13
08.06	man		02:57	03:55	13:25	17:55	17:55	19:13	22:39	23:19		01:15
08.07	ons		03:08	04:06	13:32	18:00	18:00	19:17	22:40	23:20		01:22
08.08	lør		03:17	05:12	13:32	17:36	17:36	18:44	21:35	22:37		01:22
08.09	tir	04:08	04:08	06:26	13:24	16:46	16:46	17:40	20:05	22:04		01:14
08.10	tor	05:36	05:36	07:37	13:09	15:41	15:41	16:24	18:34	20:22	20:22	01:04
08.11	søn	05:46	05:46	07:55	12:05	14:08	13:38	14:08	16:09	18:05	18:05	00:00
08.12	tir	06:38	06:38	09:02	12:13	13:25	13:05	13:25	15:18	17:30	17:30	00:08
09.01	fre	06:48	06:48	09:10	12:28	13:46	13:25	13:46	15:40	17:51	17:51	00:23
09.02	man	06:04	06:04	08:08	12:36	14:53	14:21	14:53	16:56	18:51	18:51	00:31
09.03	man	04:49	04:49	06:49	12:32	15:57	15:12	15:57	18:08	19:59	19:59	00:27
09.04	tor	03:51	03:51	06:15	13:28	16:58	16:58	17:55	20:24	22:11		01:18
09.05	lør		03:37	04:51	13:23	17:32	17:32	18:42	21:38	22:43		01:13
09.06	tir		02:56	03:54	13:26	17:56	17:56	19:14	22:40	23:20		01:16
09.07	tor		03:10	04:08	13:32	17:59	17:59	19:16	22:38	23:18		01:22
09.08	søn		03:17	05:15	13:32	17:35	17:35	18:42	21:32	22:36		01:22
09.09	ons	04:11	04:11	06:29	13:24	16:44	16:44	17:38	20:02	22:03	22:03	01:14
09.10	fre	05:38	05:38	07:39	13:09	15:39	15:39	16:22	18:31	20:19	20:19	01:04
09.11	man	05:48	05:48	07:57	12:05	14:06	13:36	14:06	16:06	18:03	18:03	00:00
09.12	ons	06:39	06:39	09:04	12:14	13:24	13:05	13:24	15:17	17:30	17:30	00:09
10.01	lør	06:48	06:48	09:09	12:29	13:48	13:27	13:48	15:42	17:52	17:52	00:24
10.02	tir	06:02	06:02	08:05	12:36	14:56	14:23	14:56	16:59	18:53	18:53	00:31
10.03	tir	04:45	04:45	06:46	12:32	15:59	15:14	15:59	18:11	20:01	20:01	00:27
10.04	fre	03:47	03:47	06:12	13:28	16:59	16:59	17:57	20:26	22:12		01:18
10.05	søn		03:37	04:48	13:23	17:33	17:33	18:43	21:40	22:44		01:13
10.06	ons		02:56	03:54	13:26	17:56	17:56	19:14	22:41	23:21		01:16
10.07	fre		03:12	04:10	13:32	17:59	17:59	19:16	22:37	23:17		01:22
10.08	man		03:17	05:17	13:32	17:34	17:34	18:40	21:29	22:35		01:22
10.09	tor	04:15	04:15	06:31	13:23	16:42	16:42	17:36	19:59	21:59	21:59	01:13
10.10	lør	05:41	05:41	07:42	13:08	15:37	15:37	16:19	18:28	20:16	20:16	01:03
10.11	tir	05:50	05:50	08:00	12:05	14:03	13:34	14:03	16:04	18:01	18:01	00:00
10.12	tor	06:40	06:40	09:05	12:14	13:24	13:05	13:24	15:16	17:30	17:30	00:09
11.01	søn	06:47	06:47	09:07	12:29	13:50	13:28	13:50	15:44	17:54	17:54	00:24
11.02	ons	05:59	05:59	08:03	12:36	14:58	14:24	14:58	17:01	18:55	18:55	00:31
11.03	ons	04:42	04:42	06:43	12:31	16:01	15:15	16:01	18:13	20:04	20:04	00:26
11.04	lør	03:42	03:42	06:09	13:27	17:01	17:01	17:59	20:29	22:13		01:17
11.05	man		03:37	04:46	13:23	17:34	17:34	18:44	21:43	22:45		01:13
11.06	tor		02:55	03:53	13:26	17:57	17:57	19:15	22:42	23:22		01:16
11.07	lør		03:13	04:11	13:32	17:59	17:59	19:15	22:35	23:15		01:22
11.08	tir		03:17	05:20	13:32	17:32	17:32	18:39	21:27	22:34		01:22
11.09	fre	04:18	04:18	06:33	13:23	16:40	16:40	17:33	19:56	21:55	21:55	01:13
11.10	søn	05:43	05:43	07:44	13:08	15:35	15:35	16:16	18:25	20:13	20:13	01:03
11.11	ons	05:52	05:52	08:02	12:05	14:01	13:33	14:01	16:01	17:59	17:59	00:00
11.12	fre	06:41	06:41	09:06	12:15	13:24	13:05	13:24	15:16	17:30	17:30	00:10
12.01	man	06:46	06:46	09:06	12:30	13:52	13:30	13:52	15:46	17:55	17:55	00:25
12.02	tor	05:57	05:57	08:00	12:36	15:01	14:26	15:01	17:04	18:57	18:57	00:31
12.03	tor	04:39	04:39	06:40	12:31	16:03	15:17	16:03	18:15	20:07	20:07	00:26
12.04	søn	03:37	03:37	06:06	13:27	17:02	17:02	18:00	20:31	22:14		01:17
12.05	tir		03:37	04:44	13:23	17:35	17:35	18:46	21:45	22:46		01:13
12.06	fre		02:54	03:52	13:26	17:57	17:57	19:16	22:43	23:23		01:16
12.07	søn		03:15	04:13	13:32	17:58	17:58	19:15	22:34	23:14		01:22
12.08	ons		03:17	05:22	13:31	17:31	17:31	18:37	21:24	22:33		01:21
12.09	lør	04:21	04:21	06:36	13:23	16:38	16:38	17:31	19:53	21:51	21:51	01:13
12.10	man	05:45	05:45	07:47	13:08	15:32	15:32	16:14	18:22	20:11	20:11	01:03
12.11	tor	05:54	05:54	08:05	12:05	13:59	13:31	13:59	15:59	17:58	17:58	00:00
12.12	lør	06:42	06:42	09:08	12:15	13:23	13:05	13:23	15:15	17:30	17:30	00:10
13.01	tir	06:45	06:45	09:05	12:30	13:53	13:31	13:53	15:49	17:57	17:57	00:25
13.02	fre	05:55	05:55	07:57	12:36	15:03	14:28	15:03	17:07	19:00	19:00	00:31
13.03	fre	04:36	04:36	06:37	12:31	16:05	15:19	16:05	18:18	20:09	20:09	00:26
13.04	man		03:37	06:03	13:27	17:03	17:03	18:02	20:34	22:15		01:17
13.05	ons		03:37	04:41	13:23	17:36	17:36	18:47	21:47	22:47		01:13
13.06	lør		02:54	03:52	13:26	17:57	17:57	19:16	22:44	23:24		01:16
13.07	man		03:17	04:15	13:32	17:58	17:58	19:14	22:32	23:12		01:22
13.08	tor		03:17	05:24	13:31	17:30	17:30	18:35	21:21	22:32		01:21
13.09	søn	04:25	04:25	06:38	13:22	16:36	16:36	17:28	19:50	21:47	21:47	01:12
13.10	tir	05:48	05:48	07:49	13:08	15:30	15:30	16:11	18:19	20:08	20:08	01:03
13.11	fre	05:56	05:56	08:07	12:06	13:57	13:29	13:57	15:57	17:56	17:56	00:01
13.12	søn	06:43	06:43	09:09	12:16	13:23	13:05	13:23	15:15	17:30	17:30	00:11
14.01	ons	06:45	06:45	09:03	12:30	13:55	13:33	13:55	15:51	17:59	17:59	00:25
14.02	lør	05:53	05:53	07:55	12:36	15:05	14:30	15:05	17:09	19:02	19:02	00:31
14.03	lør	04:32	04:32	06:34	12:31	16:07	15:20	16:07	18:20	20:12	20:12	00:26
14.04	tir		03:37	06:00	13:27	17:04	17:04	18:04	20:36	22:16		01:17
14.05	tor		03:37	04:39	13:23	17:37	17:37	18:48	21:50	22:48		01:13
14.06	søn		02:53	03:51	13:27	17:58	17:58	19:17	22:45	23:25		01:17
14.07	tir		03:17	04:17	13:32	17:57	17:57	19:13	22:31	23:11		01:22
14.08	fre		03:17	05:27	13:31	17:28	17:28	18:33	21:18	22:31		01:21
14.09	man	04:28	04:28	06:40	13:22	16:33	16:33	17:26	19:47	21:43	21:43	01:12
14.10	ons	05:50	05:50	07:51	13:07	15:28	15:28	16:08	18:16	20:05	20:05	01:02
14.11	lør	05:58	05:58	08:10	12:06	13:55	13:28	13:55	15:55	17:54	17:54	00:01
14.12	man	06:44	06:44	09:10	12:16	13:23	13:05	13:23	15:15	17:30	17:30	00:11
15.01	tor	06:44	06:44	09:02	12:31	13:57	13:34	13:57	15:53	18:00	18:00	00:26
15.02	søn	05:50	05:50	07:52	12:36	15:08	14:32	15:08	17:12	19:04	19:04	00:31
15.03	søn	04:29	04:29	06:31	12:30	16:09	15:22	16:09	18:23	20:15	20:15	00:25
15.04	ons		03:37	05:57	13:26	17:06	17:06	18:05	20:38	22:17		01:16
15.05	fre		03:37	04:36	13:23	17:38	17:38	18:49	21:52	22:49		01:13
15.06	man		02:53	03:51	13:27	17:58	17:58	19:17	22:46	23:26		01:17
15.07	ons		03:17	04:19	13:32	17:57	17:57	19:13	22:29	23:09		01:22
15.08	lør		03:17	05:29	13:31	17:27	17:27	18:32	21:16	22:30		01:21
15.09	tir	04:31	04:31	06:43	13:22	16:31	16:31	17:23	19:44	21:40	21:40	01:12
15.10	tor	05:53	05:53	07:54	13:07	15:26	15:26	16:06	18:13	20:02	20:02	01:02
15.11	søn	06:00	06:00	08:12	12:06	13:54	13:26	13:54	15:53	17:53	17:53	00:01
15.12	tir	06:45	06:45	09:11	12:17	13:23	13:05	13:23	15:15	17:30	17:30	00:12
16.01	fre	06:43	06:43	09:00	12:31	13:59	13:36	13:59	15:55	18:02	18:02	00:26
16.02	man	05:48	05:48	07:49	12:35	15:10	14:34	15:10	17:15	19:07	19:07	00:30
16.03	man	04:26	04:26	06:28	12:30	16:11	15:24	16:11	18:25	20:18	20:18	00:25
16.04	tor		03:37	05:55	13:26	17:07	17:07	18:07	20:41	22:18		01:16
16.05	lør		03:36	04:34	13:23	17:39	17:39	18:51	21:54	22:50		01:13
16.06	tir		02:53	03:51	13:27	17:59	17:59	19:17	22:47	23:27		01:17
16.07	tor		03:17	04:21	13:33	17:56	17:56	19:12	22:27	23:07		01:23
16.08	søn		03:17	05:32	13:31	17:25	17:25	18:30	21:13	22:29		01:21
16.09	ons	04:34	04:34	06:45	13:21	16:29	16:29	17:21	19:41	21:36	21:36	01:11
16.10	fre	05:55	05:55	07:56	13:07	15:24	15:24	16:03	18:11	19:59	19:59	01:02
16.11	man	06:02	06:02	08:15	12:06	13:52	13:25	13:52	15:50	17:51	17:51	00:01
16.12	ons	06:46	06:46	09:12	12:17	13:23	13:05	13:23	15:15	17:30	17:30	00:12
17.01	lør	06:42	06:42	08:58	12:31	14:01	13:38	14:01	15:58	18:04	18:04	00:26
17.02	tir	05:45	05:45	07:47	12:35	15:12	14:36	15:12	17:17	19:09	19:09	00:30
17.03	tir	04:22	04:22	06:25	12:30	16:13	15:25	16:13	18:28	20:20	20:20	00:25
17.04	fre		03:37	05:52	13:26	17:08	17:08	18:09	20:43	22:19		01:16
17.05	søn		03:34	04:32	13:23	17:40	17:40	18:52	21:57	22:51		01:13
17.06	ons		02:52	03:50	13:27	17:59	17:59	19:18	22:47	23:27		01:17
17.07	fre		03:17	04:23	13:33	17:56	17:56	19:11	22:26	23:06		01:23
17.08	man		03:17	05:34	13:31	17:24	17:24	18:28	21:10	22:28		01:21
17.09	tor	04:38	04:38	06:47	13:21	16:27	16:27	17:18	19:38	21:32	21:32	01:11
17.10	lør	05:57	05:57	07:59	13:07	15:21	15:21	16:01	18:08	19:56	19:56	01:02
17.11	tir	06:04	06:04	08:17	12:06	13:50	13:24	13:50	15:48	17:49	17:49	00:01
17.12	tor	06:46	06:46	09:13	12:17	13:23	13:05	13:23	15:15	17:30	17:30	00:12
18.01	søn	06:41	06:41	08:57	12:32	14:03	13:39	14:03	16:00	18:06	18:06	00:27
18.02	ons	05:43	05:43	07:44	12:35	15:15	14:38	15:15	17:20	19:11	19:11	00:30
18.03	ons	04:19	04:19	06:22	12:29	16:15	15:27	16:15	18:30	20:23	20:23	00:24
18.04	lør		03:37	05:49	13:26	17:09	17:09	18:10	20:46	22:20		01:16
18.05	man		03:32	04:30	13:23	17:40	17:40	18:53	21:59	22:52		01:13
18.06	tor		02:52	03:50	13:28	17:59	17:59	19:18	22:48	23:28		01:18
18.07	lør		03:17	04:25	13:33	17:55	17:55	19:10	22:24	23:04		01:23
18.08	tir		03:17	05:36	13:30	17:22	17:22	18:26	21:07	22:27		01:20
18.09	fre	04:41	04:41	06:50	13:21	16:25	16:25	17:16	19:35	21:29	21:29	01:11
18.10	søn	06:00	06:00	08:01	13:07	15:19	15:19	15:58	18:05	19:54	19:54	01:02
18.11	ons	06:06	06:06	08:20	12:07	13:48	13:22	13:48	15:46	17:48	17:48	00:02
18.12	fre	06:47	06:47	09:14	12:18	13:24	13:05	13:24	15:15	17:30	17:30	00:13
19.01	man	06:39	06:39	08:55	12:32	14:05	13:41	14:05	16:02	18:07	18:07	00:27
19.02	tor	05:40	05:40	07:41	12:35	15:17	14:40	15:17	17:22	19:14	19:14	00:30
19.03	tor	04:15	04:15	06:19	12:29	16:17	15:28	16:17	18:33	20:26	20:26	00:24
19.04	søn		03:37	05:46	13:26	17:11	17:11	18:12	20:48	22:21		01:16
19.05	tir		03:29	04:27	13:23	17:41	17:41	18:54	22:01	22:54		01:13
19.06	fre		02:52	03:50	13:28	17:59	17:59	19:19	22:48	23:28		01:18
19.07	søn		03:17	04:27	13:33	17:55	17:55	19:09	22:22	23:02		01:23
19.08	ons		03:17	05:39	13:30	17:21	17:21	18:24	21:04	22:25		01:20
19.09	lør	04:44	04:44	06:52	13:20	16:23	16:23	17:13	19:32	21:25	21:25	01:10
19.10	man	06:02	06:02	08:04	13:06	15:17	15:17	15:56	18:02	19:51	19:51	01:01
19.11	tor	06:08	06:08	08:22	12:07	13:46	13:21	13:46	15:44	17:47	17:47	00:02
19.12	lør	06:48	06:48	09:15	12:18	13:24	13:06	13:24	15:15	17:31	17:31	00:13
20.01	tir	06:38	06:38	08:53	12:32	14:07	13:43	14:07	16:05	18:09	18:09	00:27
20.02	fre	05:38	05:38	07:38	12:35	15:19	14:42	15:19	17:25	19:16	19:16	00:30
20.03	fre	04:12	04:12	06:16	12:29	16:19	15:30	16:19	18:35	20:29	20:29	00:24
20.04	man		03:37	05:43	13:25	17:12	17:12	18:13	20:51	22:22		01:15
20.05	ons		03:27	04:25	13:23	17:42	17:42	18:55	22:04	22:55		01:13
20.06	lør		02:52	03:50	13:28	18:00	18:00	19:19	22:49	23:29		01:18
20.07	man		03:17	04:29	13:33	17:54	17:54	19:08	22:20	23:00		01:23
20.08	tor		03:17	05:41	13:30	17:19	17:19	18:22	21:01	22:24		01:20
20.09	søn	04:47	04:47	06:54	13:20	16:21	16:21	17:11	19:29	21:21	21:21	01:10
20.10	tir	06:05	06:05	08:06	13:06	15:15	15:15	15:53	17:59	19:48	19:48	01:01
20.11	fre	06:10	06:10	08:25	12:07	13:45	13:20	13:45	15:42	17:45	17:45	00:02
20.12	søn	06:48	06:48	09:16	12:19	13:24	13:06	13:24	15:15	17:31	17:31	00:14
21.01	ons	06:37	06:37	08:51	12:33	14:10	13:45	14:10	16:07	18:11	18:11	00:28
21.02	lør	05:35	05:35	07:35	12:35	15:21	14:44	15:21	17:28	19:18	19:18	00:30
21.03	lør	04:08	04:08	06:13	12:34	16:21	15:31	16:21	18:38	20:32	20:32	00:24
21.04	tir		03:37	05:40	13:25	17:13	17:13	18:15	20:53	22:24		01:15
21.05	tor		03:25	04:23	13:23	17:43	17:43	18:57	22:06	22:56		01:13
21.06	søn		02:53	03:51	13:28	18:00	18:00	19:19	22:49	23:29		01:18
21.07	tir		03:17	04:31	13:33	17:53	17:53	19:07	22:18	22:58		01:23
21.08	fre		03:17	05:44	13:30	17:18	17:18	18:20	20:59	22:23		01:20
21.09	man	04:50	04:50	06:57	13:15	16:19	16:19	17:08	19:25	21:18	21:18	01:10
21.10	ons	06:07	06:07	08:09	13:06	15:13	15:13	15:50	17:56	19:46	19:46	01:01
21.11	lør	06:12	06:12	08:27	12:07	13:43	13:18	13:43	15:40	17:44	17:44	00:02
21.12	man	06:49	06:49	09:16	12:19	13:25	13:06	13:25	15:16	17:32	17:32	00:14
22.01	tor	06:36	06:36	08:49	12:33	14:12	13:46	14:12	16:10	18:13	18:13	00:28
22.02	søn	05:32	05:32	07:33	12:35	15:24	14:45	15:24	17:30	19:21	19:21	00:30
22.03	søn	04:05	04:05	06:10	12:33	16:23	15:33	16:23	18:40	20:35	20:35	00:23
22.04	ons		03:37	05:37	13:25	17:14	17:14	18:17	20:56	22:25		01:15
22.05	fre		03:23	04:21	13:23	17:44	17:44	18:58	22:08	22:57		01:13
22.06	man		02:53	03:51	13:28	18:00	18:00	19:19	22:49	23:29		01:18
22.07	ons		03:17	04:33	13:33	17:53	17:53	19:06	22:16	22:56		01:23
22.08	lør		03:17	05:46	13:29	17:16	17:16	18:18	20:56	22:22		01:19
22.09	tir	04:53	04:53	06:59	13:14	16:17	16:17	17:06	19:22	21:14	21:14	01:09
22.10	tor	06:09	06:09	08:11	13:06	15:11	15:11	15:48	17:53	19:43	19:43	01:01
22.11	søn	06:13	06:13	08:29	12:07	13:42	13:17	13:42	15:39	17:43	17:43	00:02
22.12	tir	06:49	06:49	09:17	12:20	13:25	13:07	13:25	15:16	17:32	17:32	00:15
23.01	fre	06:34	06:34	08:47	12:33	14:14	13:48	14:14	16:12	18:15	18:15	00:28
23.02	man	05:30	05:30	07:30	12:35	15:26	14:47	15:26	17:33	19:23	19:23	00:30
23.03	man	04:01	04:01	06:07	12:33	16:25	15:34	16:25	18:42	20:38	20:38	00:23
23.04	tor		03:37	05:34	13:25	17:15	17:15	18:18	20:58	22:26		01:15
23.05	lør		03:21	04:19	13:23	17:45	17:45	18:59	22:10	22:58		01:13
23.06	tir		02:53	03:51	13:29	18:00	18:00	19:19	22:49	23:29		01:19
23.07	tor		03:17	04:35	13:33	17:52	17:52	19:05	22:14	22:54		01:23
23.08	søn		03:17	05:48	13:29	17:15	17:15	18:16	20:53	22:21		01:19
23.09	ons	04:56	04:56	07:01	13:14	16:14	16:14	17:03	19:19	21:11	21:11	01:09
23.10	fre	06:11	06:11	08:14	13:06	15:09	15:09	15:45	17:51	19:41	19:41	01:01
23.11	man	06:15	06:15	08:32	12:08	13:40	13:16	13:40	15:37	17:41	17:41	00:03
23.12	ons	06:50	06:50	09:17	12:20	13:26	13:07	13:26	15:17	17:33	17:33	00:15
24.01	lør	06:33	06:33	08:45	12:33	14:16	13:50	14:16	16:15	18:17	18:17	00:28
24.02	tir	05:27	05:27	07:27	12:35	15:28	14:49	15:28	17:35	19:26	19:26	00:30
24.03	tir	03:57	03:57	06:03	12:33	16:27	15:36	16:27	18:45	20:41	20:41	00:23
24.04	fre		03:37	05:31	13:25	17:16	17:16	18:20	21:01	22:27		01:15
24.05	søn		03:19	04:17	13:23	17:45	17:45	19:00	22:12	22:59		01:13
24.06	ons		02:54	03:52	13:29	18:00	18:00	19:19	22:49	23:29		01:19
24.07	fre		03:17	04:37	13:33	17:51	17:51	19:04	22:11	22:53		01:23
24.08	man		03:17	05:51	13:29	17:13	17:13	18:14	20:50	22:20		01:19
24.09	tor	04:58	04:58	07:04	13:13	16:12	16:12	17:01	19:16	21:07	21:07	01:08
24.10	lør	06:14	06:14	08:16	13:06	15:07	15:07	15:43	17:48	19:38	19:38	01:01
24.11	tir	06:17	06:17	08:34	12:08	13:39	13:15	13:39	15:35	17:40	17:40	00:03
24.12	tor	06:50	06:50	09:17	12:21	13:26	13:08	13:26	15:18	17:33	17:33	00:16
25.01	søn	06:31	06:31	08:43	12:34	14:18	13:52	14:18	16:17	18:19	18:19	00:29
25.02	ons	05:24	05:24	07:24	12:34	15:31	14:51	15:31	17:38	19:28	19:28	00:29
25.03	ons	03:53	03:53	06:00	12:32	16:28	15:37	16:28	18:47	20:44	20:44	00:22
25.04	lør		03:37	05:29	13:24	17:17	17:17	18:21	21:03	22:28		01:14
25.05	man		03:17	04:15	13:23	17:46	17:46	19:01	22:14	23:00		01:13
25.06	tor		02:54	03:52	13:29	18:01	18:01	19:20	22:49	23:29		01:19
25.07	lør		03:17	04:40	13:33	17:51	17:51	19:03	22:09	22:52		01:23
25.08	tir		03:17	05:53	13:29	17:11	17:11	18:12	20:47	22:19		01:19
25.09	fre	05:01	05:01	07:06	13:13	16:10	16:10	16:58	19:13	21:04	21:04	01:08
25.10	søn	05:16	05:16	07:19	12:05	14:40	14:04	14:40	16:45	18:36	18:36	00:00
25.11	ons	06:19	06:19	08:36	12:08	13:37	13:14	13:37	15:33	17:39	17:39	00:03
25.12	fre	06:51	06:51	09:18	12:21	13:27	13:09	13:27	15:18	17:34	17:34	00:16
26.01	man	06:30	06:30	08:41	12:34	14:21	13:54	14:21	16:20	18:21	18:21	00:29
26.02	tor	05:21	05:21	07:21	12:34	15:33	14:53	15:33	17:40	19:31	19:31	00:29
26.03	tor	03:50	03:50	05:57	12:32	16:30	15:39	16:30	18:50	20:47	20:47	00:22
26.04	søn		03:37	05:26	13:24	17:19	17:19	18:23	21:06	22:29		01:14
26.05	tir		03:15	04:13	13:23	17:47	17:47	19:02	22:16	23:01		01:13
26.06	fre		02:55	03:53	13:29	18:01	18:01	19:20	22:49	23:29		01:19
26.07	søn		03:17	04:42	13:33	17:50	17:50	19:02	22:07	22:51		01:23
26.08	ons		03:17	05:56	13:28	17:10	17:10	18:10	20:44	22:18		01:18
26.09	lør	05:04	05:04	07:08	13:13	16:08	16:08	16:56	19:10	21:01	21:01	01:08
26.10	man	05:18	05:18	07:21	12:05	14:38	14:02	14:38	16:42	18:33	18:33	00:00
26.11	tor	06:20	06:20	08:39	12:09	13:36	13:13	13:36	15:32	17:38	17:38	00:04
26.12	lør	06:51	06:51	09:18	12:22	13:28	13:09	13:28	15:19	17:35	17:35	00:17
27.01	tir	06:28	06:28	08:39	12:34	14:23	13:56	14:23	16:22	18:23	18:23	00:29
27.02	fre	05:19	05:19	07:18	12:34	15:35	14:55	15:35	17:43	19:33	19:33	00:29
27.03	fre	03:46	03:46	05:54	12:32	16:32	15:40	16:32	18:52	20:50	20:50	00:22
27.04	man		03:37	05:23	13:24	17:20	17:20	18:24	21:08	22:30		01:14
27.05	ons		03:14	04:12	13:24	17:48	17:48	19:03	22:19	23:02		01:14
27.06	lør		02:55	03:53	13:29	18:01	18:01	19:20	22:48	23:28		01:19
27.07	man		03:17	04:44	13:33	17:49	17:49	19:01	22:05	22:50		01:23
27.08	tor	03:17	03:17	05:58	13:28	17:08	17:08	18:08	20:41	22:17		01:18
27.09	søn	05:07	05:07	07:11	13:12	16:06	16:06	16:53	19:07	20:57	20:57	01:07
27.10	tir	05:20	05:20	07:24	12:05	14:35	14:00	14:35	16:40	18:31	18:31	00:00
27.11	fre	06:22	06:22	08:41	12:09	13:35	13:12	13:35	15:30	17:37	17:37	00:04
27.12	søn	06:51	06:51	09:18	12:22	13:29	13:10	13:29	15:20	17:35	17:35	00:17
28.01	ons	06:27	06:27	08:37	12:34	14:25	13:57	14:25	16:25	18:25	18:25	00:29
28.02	lør	05:16	05:16	07:15	12:34	15:37	14:56	15:37	17:45	19:36	19:36	00:29
28.03	lør	03:42	03:42	05:51	12:31	16:34	15:42	16:34	18:55	20:53	20:53	00:21
28.04	tir		03:37	05:20	13:24	17:21	17:21	18:26	21:11	22:31		01:14
28.05	tor		03:12	04:10	13:24	17:48	17:48	19:04	22:20	23:03		01:14
28.06	søn		02:56	03:54	13:30	18:01	18:01	19:20	22:48	23:28		01:20
28.07	tir		03:17	04:47	13:33	17:48	17:48	19:00	22:02	22:49		01:23
28.08	fre	03:22	03:22	06:00	13:28	17:06	17:06	18:05	20:38	22:16		01:18
28.09	man	05:10	05:10	07:13	13:12	16:03	16:03	16:50	19:04	20:54	20:54	01:07
28.10	ons	05:23	05:23	07:26	12:05	14:33	13:58	14:33	16:37	18:28	18:28	00:00
28.11	lør	06:23	06:23	08:43	12:09	13:33	13:11	13:33	15:29	17:36	17:36	00:04
28.12	man	06:51	06:51	09:18	12:23	13:30	13:11	13:30	15:21	17:36	17:36	00:18
29.01	tor	06:25	06:25	08:35	12:35	14:28	13:59	14:28	16:27	18:27	18:27	00:30
29.03	søn	04:38	04:38	06:48	13:31	16:43	16:43	17:36	19:57	21:57	21:57	01:21
29.04	ons		03:37	05:17	13:24	17:22	17:22	18:27	21:13	22:32		01:14
29.05	fre		03:10	04:08	13:24	17:49	17:49	19:05	22:22	23:04		01:14
29.06	man		02:57	03:55	13:30	18:01	18:01	19:19	22:48	23:28		01:20
29.07	ons		03:17	04:49	13:33	17:47	17:47	18:58	22:00	22:48		01:23
29.08	lør	03:27	03:27	06:03	13:27	17:04	17:04	18:03	20:35	22:15		01:17
29.09	tir	05:12	05:12	07:15	13:12	16:01	16:01	16:48	19:01	20:51	20:51	01:07
29.10	tor	05:25	05:25	07:29	12:05	14:30	13:56	14:30	16:34	18:26	18:26	00:00
29.11	søn	06:25	06:25	08:45	12:10	13:32	13:10	13:32	15:27	17:35	17:35	00:05
29.12	tir	06:51	06:51	09:17	12:23	13:31	13:12	13:31	15:22	17:37	17:37	00:18
30.01	fre	06:23	06:23	08:32	12:35	14:30	14:01	14:30	16:30	18:29	18:29	00:30
30.03	man	04:34	04:34	06:45	13:31	16:45	16:45	17:38	19:59	22:00	22:00	01:21
30.04	tor		03:37	05:15	13:24	17:23	17:23	18:29	21:16	22:33		01:14
30.05	lør		03:09	04:07	13:24	17:50	17:50	19:06	22:24	23:05		01:14
30.06	tir		02:58	03:56	13:30	18:01	18:01	19:19	22:47	23:27		01:20
30.07	tor		03:17	04:51	13:33	17:46	17:46	18:57	21:58	22:47		01:23
30.08	søn	03:31	03:31	06:05	13:27	17:03	17:03	18:01	20:32	22:14		01:17
30.09	ons	05:15	05:15	07:18	13:11	15:59	15:59	16:45	18:58	20:47	20:47	01:06
30.10	fre	05:27	05:27	07:32	12:05	14:28	13:54	14:28	16:31	18:24	18:24	00:00
30.11	man	06:27	06:27	08:47	12:10	13:31	13:09	13:31	15:26	17:35	17:35	00:05
30.12	ons	06:51	06:51	09:17	12:24	13:32	13:13	13:32	15:24	17:38	17:38	00:19
31.01	lør	06:22	06:22	08:30	12:35	14:32	14:03	14:32	16:33	18:31	18:31	00:30
31.03	tir	04:30	04:30	06:42	13:31	16:46	16:46	17:39	20:02	22:01		01:21
31.05	søn		03:07	04:05	13:24	17:50	17:50	19:07	22:26	23:06		01:14
31.07	fre		03:17	04:53	13:33	17:45	17:45	18:56	21:55	22:46		01:23
31.08	man	03:36	03:36	06:07	13:27	17:01	17:01	17:59	20:29	22:13		01:17
31.10	lør	05:29	05:29	07:34	12:05	14:26	13:52	14:26	16:29	18:21	18:21	00:00
31.12	tor	06:51	06:51	09:17	12:24	13:33	13:14	13:33	15:25	17:39	17:39	00:19
