1	05:42	07:05	12:46	15:59	18:28	19:47
2	05:41	07:03	12:46	16:00	18:29	19:47
3	05:39	07:02	12:46	16:00	18:30	19:48
4	05:38	07:01	12:45	16:00	18:30	19:49
5	05:37	06:59	12:45	16:01	18:31	19:49
6	05:35	06:58	12:45	16:01	18:32	19:50
7	05:34	06:57	12:44	16:01	18:32	19:50
8	05:33	06:55	12:44	16:02	18:33	19:51
9	05:31	06:54	12:44	16:02	18:34	19:52
10	05:30	06:53	12:43	16:02	18:34	19:52
11	05:28	06:51	12:43	16:03	18:35	19:53
12	05:27	06:50	12:43	16:03	18:36	19:54
13	05:26	06:49	12:42	16:03	18:36	19:55
14	05:24	06:47	12:42	16:03	18:37	19:55
15	05:23	06:46	12:42	16:04	18:38	19:56
16	05:21	06:44	12:41	16:04	18:39	19:57
17	05:20	06:43	12:41	16:04	18:39	19:57
18	05:19	06:42	12:40	16:04	18:40	19:58
19	05:17	06:40	12:40	16:05	18:41	19:59
20	05:16	06:39	12:40	16:05	18:41	20:00
21	05:14	06:37	12:39	16:05	18:42	20:00
22	05:13	06:36	12:39	16:05	18:43	20:01
23	05:11	06:35	12:39	16:05	18:43	20:02
24	05:10	06:33	12:38	16:06	18:44	20:03
25	05:08	06:32	12:38	16:06	18:45	20:03
26	05:07	06:30	12:38	16:06	18:45	20:04
27	05:05	06:29	12:37	16:06	18:46	20:05
28	05:04	06:28	12:37	16:06	18:47	20:06
29	05:02	06:26	12:37	16:06	18:48	20:07
30	05:01	06:25	12:36	16:07	18:48	20:08
