page	ts	digest	url	source	http	compression	bytes	cdx_len	repeat_ts_same_digest
how-we.html	20111124161453	GWF6D4BZFDSEV6ZB3F5HINMCW52KSTTF	http://moonsighting.com:80/how-we.html	disk	-	none	14746	6105	
how-we.html	20120506040540	K6JYG6G3LLIX7S6FRNBQ5VH4ATCCPIFC	http://moonsighting.com:80/how-we.html	fetched	200	none	15207	6344	
how-we.html	20120624054112	Y7YVH2W5UDOIHBJANVT6TD2OFBYXPQ2Q	http://www.moonsighting.com:80/how-we.html	fetched	200	none	15384	6390	
how-we.html	20120814073102	MGTELFDNFI6Q3UWKSKQKAEVZHQQ57XVC	http://www.moonsighting.com:80/how-we.html	fetched	200	none	15275	6315	
how-we.html	20120915102754	W4C52JTT5KMH3T7K4ED2LKLTEJCSITCL	http://moonsighting.com:80/how-we.html	fetched	200	none	15442	6371	
how-we.html	20121028145002	MDNR6Z5D5QIGB4KVIXMQMVKSC5CG4CZY	http://moonsighting.com:80/how-we.html	fetched	200	none	15573	6383	
how-we.html	20130306113924	QULSG4QZ2UR4GULODALU6S5U4DQUGQG2	http://moonsighting.com:80/how-we.html	fetched	200	none	15583	6390	
how-we.html	20140209182423	U35H6MH4T7CTAUYZT4EPNXUIPKXUBTNK	http://moonsighting.com:80/how-we.html	disk	-	none	18659	7503	
how-we.html	20141215182319	2NEGFZ3AIP4AMEVRKQYC3P3X6K64KXKP	http://www.moonsighting.com:80/how-we.html	fetched	200	none	19294	7664	
how-we.html	20150416005257	LKPYBC672DHKFUQHJTUVB6O7QVBTTHZD	http://www.moonsighting.com:80/how-we.html	fetched	200	none	19227	7644	
how-we.html	20150622131307	3I5FEUW6IZVA3UKPVDXRH4XXXLNAONCA	http://www.moonsighting.com:80/how-we.html	fetched	200	none	19550	7735	
how-we.html	20150729162113	IT52ATIW375PEG44WKNO6XDJ6Z2RRAYL	http://www.moonsighting.com:80/how-we.html	fetched	200	none	19028	7716	
how-we.html	20151021121808	4H5YFUQCR547DVKKSWGWQAOIFC6XSAQU	http://moonsighting.com:80/how-we.html	fetched	200	none	18811	7628	
how-we.html	20151121100142	W3U3OPARPH3O2TC5CP5CAPB2MI3HY5LP	http://www.moonsighting.com:80/how-we.html	fetched	200	none	18942	7640	
how-we.html	20151229174630	GD4Y2CY62FYZNOUWBX7LQSG6ENINLRFO	http://moonsighting.com:80/how-we.html	fetched	200	none	18942	7639	
how-we.html	20160527133136	SESV452EWZPPNCCV66OC5W2YP7UNZ6EJ	http://www.moonsighting.com:80/how-we.html	fetched	200	none	18942	7640	
how-we.html	20160614011902	SBZJW6LOEXSU5WMMUG2HJ2GITAOW4C7K	http://moonsighting.com:80/how-we.html	fetched	200	none	18956	7642	
how-we.html	20160723193950	GY2TVCZZQHV4RMIMAIYU33YJG3VOF2OL	http://www.moonsighting.com:80/how-we.html	disk	-	none	17330	6986	
how-we.html	20160818040119	2PLTTYU4IZXKWG2JJSGGYQCY4Q6LOION	http://www.moonsighting.com:80/how-we.html	fetched	200	none	17864	7216	
how-we.html	20170512162918	VRKHPMRVZSMWH4UFHMMDGP6NTGQWHAVQ	http://www.moonsighting.com:80/how-we.html	fetched	200	none	18549	7315	
how-we.html	20170610104300	ZKXBXQKYTGCZS6IWQUVR55KRMDBUTUX2	http://moonsighting.com:80/how-we.html	fetched	200	none	18738	7377	
how-we.html	20170715034720	CD5TKGVPXUTNKXKXOOZKTUPPCTZUWZO5	http://www.moonsighting.com:80/how-we.html	fetched	200	none	18711	7389	
how-we.html	20171211161219	OWDAYPNRLHW2H7NASJCAJAWOWA7PQSTL	http://www.moonsighting.com:80/how-we.html	fetched	200	none	18711	7391	
how-we.html	20180909185334	HOCVMLKP3V4KIXQXRM7PJBK2J4NZJIUL	https://moonsighting.com/how-we.html	disk	-	none	17909	7603	
how-we.html	20190328011927	ERDIUOHXPR7KOFCO6DYNF3EEBGJGZ6QU	https://www.moonsighting.com/how-we.html	fetched	200	none	18029	7361	
how-we.html	20190719202821	J6RF6HUV2ZDPX3O5ALLYX3WHMUJZ6XBL	https://www.moonsighting.com/how-we.html	fetched	200	none	18117	7679	20200308081456
how-we.html	20200114093914	SOF2HEJFXMGPEETFKQC24DAXZBBCTNLC	https://moonsighting.com/how-we.html	disk	-	none	18117	7869	
how-we.html	20200606074624	NDDTWP6HDSMJN44PPASANNYHV6IPHNPQ	https://www.moonsighting.com/how-we.html	fetched	200	none	18182	7493	
how-we.html	20210506151447	ZMGMLZ3ACSHN6EB3GHVYBLS7FA4PDIVP	https://www.moonsighting.com/how-we.html	fetched	200	none	18559	7255	
how-we.html	20220517141430	I5JV3NLNLPYKYPBLYTLPRHEYGRKXAIBV	https://www.moonsighting.com/how-we.html	disk	-	none	18841	8073	20221004090631
how-we.html	20220712212813	PK7F7YWATEJ3PTEJIC4YKMAKFP5XVBT5	https://www.moonsighting.com/how-we.html	fetched	200	gzip	18841	8100	
how-we.html	20221207204637	DKNL5ATFBPHD75PS4VHS6SYD4CVAIKPO	https://moonsighting.com/how-we.html	fetched	200	none	1361	1525	
how-we.html	20230329225546	DEAFZXQZ4UWEWZGCOE26VDBDD3HO2HIL	https://moonsighting.com/how-we.html	fetched	200	none	1383	1526	
how-we.html	20231003204504	HKXI2ROHLPF64JIAEHQZB6QRQA2KLTHZ	https://moonsighting.com/how-we.html	fetched	200	none	1325	1512	
how-we.html	20240213100829	XF6AVTKJKU5JBEXRRIWRLGAI544XR5PP	https://www.moonsighting.com/how-we.html	disk	-	none	19061	8428	
how-we.html	20240227101753	2PHI4ILV7UC7QKGYEWZFXWQ5AEPWDMXZ	https://www.moonsighting.com/how-we.html	fetched	200	none	19061	8078	
how-we.html	20240316165600	HSALZXRGNV523XEHWIXNU3IFLQOPALQQ	https://moonsighting.com/how-we.html	fetched	200	gzip	19212	8418	20240622190323
how-we.html	20240416140653	OTGVMA2PFG33D744DXEQJXWEFDM2AW2Q	https://moonsighting.com/how-we.html	fetched	200	none	19212	8064	20240719090444
how-we.html	20240619092345	TG5XH6A644LHOZPPI4DCCP3SFB3XRJ7T	https://www.moonsighting.com/how-we.html	fetched	200	none	1475	1513	
how-we.html	20240828170113	5SEPQ4PHJJCOX75S4XIT7A7ZPPOKMROS	https://www.moonsighting.com/how-we.html	fetched	200	gzip	1447	1696	
how-we.html	20240914130810	TMOKKS37XPQE5O7QGF3HKCALZ46NL7YJ	https://www.moonsighting.com/how-we.html	fetched	200	none	10909	4940	
how-we.html	20250121123418	2HTT7QUOF7O5KPWY5ABRGAKW5FFJADID	https://moonsighting.com/how-we.html	fetched	200	none	19194	8330	20250514050848,20260419144819,20260608043238
how-we.html	20250304071531	JF5BHRGQPRFJJRAIYZRR77ORKGM2KW3O	https://moonsighting.com/how-we.html	disk	-	none	19194	8459	20250329225717
how-we.html	20250307182749	NUCQZYU2BDTSYKBYFOXJSOOZYU74NWW4	https://www.moonsighting.com/how-we.html	fetched	200	gzip	11881	5935	
how-we.html	20250307202431	L5BHW3XSB3FWW7IMZXC4DFR5CQTR6Y4Z	https://moonsighting.com/how-we.html	fetched	200	gzip	19194	8212	20250330003602,20251012160121
how-we.html	20250527073128	MBQPERCXWV5JPAE6HHZJYX32BDM5GJNM	https://moonsighting.com/how-we.html	fetched	200	gzip	12067	6286	
how-we.html	20250714212810	MR5UFW4YAADH6B6MN5PQ774T55GJYKR3	https://www.moonsighting.com/how-we.html	fetched	200	none	11808	5818	
how-we.html	20260129052031	6FCCN55VMEE56YMVX67YFNED6E6UVIKO	https://moonsighting.com/how-we.html	fetched	200	gzip	19194	8507	
how-we.html	20260502180530	VVD5MLUEMXFU2EISR4NMGHRFVTB2NG3Y	https://www.moonsighting.com/how-we.html	disk	-	none	19194	8784	20260721030743
faq_pt.html	20030629145054	RV7CDW3FUX5XFTZL2JJQ35VNYHIR6CCF	http://moonsighting.com:80/faq_pt.html	disk	-	none	27385	10136	
faq_pt.html	20031217090750	LEPBP7NAYLWR4ZYRFBMJQ75N73NLRPU5	http://moonsighting.com:80/faq_pt.html	fetched	200	none	24148	9279	
faq_pt.html	20041015201948	OB5CKWVMHJLMVDMRIBQCGV54QG2DYW3M	http://www.moonsighting.com:80/faq_pt.html	fetched	200	none	29894	11033	
faq_pt.html	20060209140551	7UKBXZQ34HSHEBV42JLRS3ZT4U7EB3KP	http://moonsighting.com:80/faq_pt.html	fetched	200	none	28083	10399	
faq_pt.html	20060514025325	QOWWVWRBYKZDDQRPAZTHXPTYFUQBD3WA	http://www.moonsighting.com/faq_pt.html	fetched	200	none	30594	11117	
faq_pt.html	20061119055937	MAPK63XSIAT2XLBJPPNJM65EDCX4FANN	http://www.moonsighting.com/faq_pt.html	fetched	200	none	30887	11165	
faq_pt.html	20070202042717	PFFDEUILEJ66PAZJBMQSDOGN6LJVTEGF	http://moonsighting.com:80/faq_pt.html#G1	fetched	200	none	30830	11169	
faq_pt.html	20070329131450	A6FL6BPW57NRGYRWQBIYGSYI5CI3N7EP	http://moonsighting.com:80/faq_pt.html	fetched	200	none	30726	11217	
faq_pt.html	20070618135626	4O3OSS2ZIBQE77ASED4GGLEE76RQ5ZSN	http://moonsighting.com:80/faq_pt.html	fetched	200	none	32640	11962	
faq_pt.html	20080127115352	UGQJIVBZ5LLVFKZM2H7PEBVAHORP25E6	http://www.moonsighting.com:80/faq_pt.html#Z3	fetched	200	none	32668	11979	
faq_pt.html	20081119135740	U223FELWVZJMLWETBZVQFHF4XLPYMTWK	http://moonsighting.com/faq_pt.html	disk	-	none	33146	12360	
faq_pt.html	20090827110145	Y2VB53D5NIKT7B5TVJBSSAFDVR2X42YM	http://moonsighting.com:80/faq_pt.html	fetched	200	none	32911	12019	
faq_pt.html	20111123194416	CSTC53GL6TNL24LQXYKBWETKEXDB4GAD	http://moonsighting.com:80/faq_pt.html	fetched	200	none	33798	12344	
faq_pt.html	20120211201201	WAT7DEPCL27O3LNZIIP3WGRSZBCPIBUQ	http://moonsighting.com:80/faq_pt.html	fetched	200	none	33799	12342	
faq_pt.html	20120419010614	NYETS6J7JNLKFI2LD5V56XZH4FUUA7TZ	http://moonsighting.com:80/faq_pt.html	fetched	200	none	33803	12346	
faq_pt.html	20121205081238	2Q5D7LA344SBE7SI5PAPPHNKYZSD3PDZ	http://moonsighting.com:80/faq_pt.html	disk	-	none	35093	12837	
faq_pt.html	20130314055605	TE7BDY5HMKXJI35DVBEQPAUARPNWBOU5	http://moonsighting.com:80/faq_pt.html	fetched	200	none	35443	12872	
faq_pt.html	20140208105631	SH7MDAROQ6GWCLRCZLTJWSIFWJDL375A	http://www.moonsighting.com:80/faq_pt.html	fetched	200	none	34291	12202	
faq_pt.html	20141214095206	MSSIKGN3DFRKGC7RK6FDOMSTWSE2QVNX	http://www.moonsighting.com:80/faq_pt.html	fetched	200	none	34422	12283	
faq_pt.html	20150208045611	CAUX26XUTOUATBGJC2W4YINLTKF32B6C	http://www.moonsighting.com:80/faq_pt.html	fetched	200	none	34372	12263	
faq_pt.html	20150430045151	YQAZDCVRBFWGAVHRC7577HXUDVZX7ISF	http://www.moonsighting.com:80/faq_pt.html	fetched	200	none	33967	12224	
faq_pt.html	20150623181411	PRQOJEJ46WS6NAWKS2VIN2JBF6PUZNGJ	http://www.moonsighting.com:80/faq_pt.html	fetched	200	none	34361	12260	
faq_pt.html	20150731063021	IMI3VR5E3DNJ5LPRNWP3VP4T25G7EDVZ	http://www.moonsighting.com:80/faq_pt.html	fetched	200	none	33944	12215	
faq_pt.html	20151230095855	7SUYS5626J7IPHJCQHNZPYSQIPWNJSFS	http://www.moonsighting.com:80/faq_pt.html	fetched	200	none	36507	12419	
faq_pt.html	20160611040618	CC6XH23FPY4GFLJ22RUSBZ6PCXB6JWKA	http://www.moonsighting.com:80/faq_pt.html	fetched	200	none	36507	12418	
faq_pt.html	20160801224244	LLY2XF7NSBPY7IGY6WULKZ52ZKCWKZNI	http://www.moonsighting.com:80/faq_pt.html	fetched	200	none	35411	12032	
faq_pt.html	20170610104150	YVE4E7SJWHMSAGBF2ZL54AZTGXJDCVRA	http://www.moonsighting.com:80/faq_pt.html	fetched	200	none	35704	12177	
faq_pt.html	20171024144450	UPZLUQ74X2ZJJKYT5NC2SKQ6CZJBOAPW	http://www.moonsighting.com:80/faq_pt.html	fetched	200	none	35323	12072	
faq_pt.html	20171124133208	GR7Y5RXJB6FBNRH4L6RMJPDG2P5BFDPA	http://www.moonsighting.com:80/faq_pt.html	disk	-	none	35323	12072	
faq_pt.html	20190328011931	RSJLTVGVZX2XDBFQ6ZFO36NRMXU37E6D	https://www.moonsighting.com/faq_pt.html	fetched	200	none	34583	12164	
faq_pt.html	20190719013036	LH7BFHQTNFYTA4RPZQC3B4CZ2TYAIJXX	https://moonsighting.com/faq_pt.html	fetched	200	none	34223	12321	
faq_pt.html	20190719210556	M54VSN72IHYFFHIXV2NUJWUUMZYEHRNW	https://www.moonsighting.com/faq_pt.html	fetched	200	none	34223	12317	
faq_pt.html	20190908222620	AGZYJON7WMKTZDDXJVAAWYLSOAQEECFO	https://www.moonsighting.com/faq_pt.html	fetched	200	none	34223	12052	
faq_pt.html	20191002034338	AS7NH37IO6PJMAZBOFN5VVQX4P5EKL2G	https://www.moonsighting.com/faq_pt.html	fetched	200	none	34223	12051	
faq_pt.html	20191021121737	WSGR2O7GUVIJFR76YASLF5TREDYHA36T	https://moonsighting.com/faq_pt.html	fetched	200	none	34223	12335	
faq_pt.html	20191214193354	H4B73LC7RWQ7NKFBYVO23XOY7Z7FGG63	https://www.moonsighting.com/faq_pt.html	fetched	200	none	34223	12068	
faq_pt.html	20200114093914	X64OBG4KSWNJUUANERNE2KDJWVNQQ7WR	https://moonsighting.com/faq_pt.html	fetched	200	gzip	34223	12546	
faq_pt.html	20200308081502	TRSLAAAKDJLXU5PFFSX4ICKQWQYOFE4M	https://www.moonsighting.com/faq_pt.html	fetched	200	none	34239	12073	
faq_pt.html	20200420040430	W525U4QWCQWWO7S7IZJIH7X27VBAHJEH	https://moonsighting.com/faq_pt.html	fetched	200	none	34239	12420	
faq_pt.html	20200606074628	WFF7S4ZJDDRXCV6O4CJLP4VCDYSFUUGJ	https://www.moonsighting.com/faq_pt.html	fetched	200	none	34239	12134	
faq_pt.html	20200905140955	FQSTRSEOGU4GJO3CMSOWEO6QBJ65M7JI	https://www.moonsighting.com/faq_pt.html	fetched	200	none	34463	12236	
faq_pt.html	20201103112037	RVDEWKZMNZOO4C5CCOLCSD2L6J2ODC2L	https://moonsighting.com/faq_pt.html	fetched	200	none	34463	12725	
faq_pt.html	20201206162023	NZX27T5UEZC7AJ544EQAON7EKXPTJ2TH	https://www.moonsighting.com/faq_pt.html	fetched	200	none	34463	12408	
faq_pt.html	20210211001923	CDWOUPU3SVGPO3CJTXHUN5JTQTOB5UXR	https://www.moonsighting.com/faq_pt.html	fetched	200	none	34463	11587	
faq_pt.html	20210212042822	SYBUYPHSKTRH5M5OECVTCZAKCULK6CHZ	https://moonsighting.com/faq_pt.html	fetched	200	none	34463	11548	
faq_pt.html	20210226151012	WTREBYB7F3YFZF7427KJ46TRQIK7UFEZ	https://moonsighting.com/faq_pt.html	fetched	200	none	34463	12720	
faq_pt.html	20210305084430	LQNTUGWHTESTE3QZCOLOHM5A3W373HKE	https://www.moonsighting.com/faq_pt.html	fetched	200	none	34463	12452	
faq_pt.html	20210414122414	EKUZ3NJJ2C6LTIUB74AJIXLIN436OVRD	https://www.moonsighting.com/faq_pt.html	fetched	200	none	34463	12536	
faq_pt.html	20210415172445	KVUECTZ77JGTSFBF5L26FDGJUHM4SML2	https://www.moonsighting.com/faq_pt.html	fetched	200	none	34463	12537	
faq_pt.html	20210421231600	L7PNDX33HC5JJWLYAUCRGSAVA5IKU7GI	https://moonsighting.com/faq_pt.html	fetched	200	none	34463	11630	
faq_pt.html	20210422213726	HXHP6F272YQVLQPFCHHMAUUIMWTTJB6M	https://moonsighting.com/faq_pt.html	fetched	200	none	34463	11585	
faq_pt.html	20210501224158	IXRUVD35S43HHGUJUZVLE2EN4Z2E3CSF	https://www.moonsighting.com/faq_pt.html	fetched	200	none	34463	11646	
faq_pt.html	20210924153617	Z3H3TMFGF4SEH2EVNNR723IRAZLIELKP	https://www.moonsighting.com/faq_pt.html	disk	-	none	34463	12627	
faq_pt.html	20220209023623	TPE4W5BVB7IEHNLESCFKZTWMMCXVW36Z	https://moonsighting.com/faq_pt.html	fetched	200	none	34463	11532	
faq_pt.html	20220628032716	3VPOLIJJUY6WMERY4JBAOMZFBGNGJTDW	https://www.moonsighting.com/faq_pt.html	fetched	200	none	34463	12624	
faq_pt.html	20220706105156	U7HNTCIULKOV2RCO4F2CRDBNOSU5JRXZ	https://moonsighting.com/faq_pt.html	fetched	200	gzip	34463	12989	
faq_pt.html	20220712212812	C4XVXKZ4PECWJHWN6PELT3D5MYTMOP2P	https://www.moonsighting.com/faq_pt.html	fetched	200	gzip	34463	12553	
faq_pt.html	20221209131110	NTQC3BEIJGOOGST4MNTFTDQP53QIF5PW	https://www.moonsighting.com/faq_pt.html	fetched	200	none	34463	12572	
faq_pt.html	20230531085648	5IX3HJTO2O6EZYUZUOJYN44W3I7PEL4D	https://moonsighting.com/faq_pt.html	fetched	200	none	34703	11529	
faq_pt.html	20231003042747	V64HMAUEDK673CZJOLIJNJ2BSKPG4R67	https://www.moonsighting.com/faq_pt.html	fetched	200	none	34703	12570	
faq_pt.html	20240213100838	52QFLJRSBNVMHWTPQFHB4HL5B2A2LJHG	https://www.moonsighting.com/faq_pt.html	fetched	200	gzip	34703	12942	
faq_pt.html	20240316164913	JSKSRSJHFWTZUGH2PZADLYSY63ZW37RE	https://moonsighting.com/faq_pt.html	fetched	200	gzip	34703	12933	
faq_pt.html	20240325154511	FB5DTKLSCLXHYK3QB2GWWDZGL3MJJGJF	https://moonsighting.com/faq_pt.html	fetched	200	gzip	34703	12726	
faq_pt.html	20240330054504	MBYJSOYUBXUWEIV45ODLEOS7MZ3K6BHS	https://moonsighting.com/faq_pt.html	fetched	200	gzip	34703	12937	
faq_pt.html	20240406055237	PH3RHX5I7P5POV7QIRLLIA3RCQV5SS4W	https://www.moonsighting.com/faq_pt.html	fetched	200	gzip	34703	12950	
faq_pt.html	20240416125438	ZGKRPXQRKNX4FEFTJTFBM4QWS3U56Y6C	https://moonsighting.com/faq_pt.html	fetched	200	none	34703	12587	
faq_pt.html	20240522150012	Z5VYO3I5LNJWZ2I6CPA4736NANPD2U2E	https://www.moonsighting.com/faq_pt.html	fetched	200	none	34703	12606	
faq_pt.html	20240622190445	MKYKPXHN3VF3HTAYXVQRH2HXZCKCUNR2	https://moonsighting.com/faq_pt.html	fetched	200	gzip	34703	12719	
faq_pt.html	20240909145323	C2L2S546WLPSDXNGNQXCVGDFYUEBIPMR	https://www.moonsighting.com/faq_pt.html	fetched	200	gzip	1421	1702	
faq_pt.html	20240914131811	NFCH6WQ2Z76IGOE4ZQWL6SGJKEPBL2VQ	https://moonsighting.com/faq_pt.html	fetched	200	gzip	10857	5383	
faq_pt.html	20240917175012	P2FB2GYIYP66BGXKIMUF6GTOLENIF7XF	https://moonsighting.com/faq_pt.html	fetched	200	gzip	10833	5347	
faq_pt.html	20250121105621	NBCBMSI5NWMA2OVHA2H5Q2INT5RDLYWE	https://moonsighting.com/faq_pt.html	fetched	200	none	35678	13003	
faq_pt.html	20250304085216	7VRVOQT6KXO5OCXWTKNMM6YGKHDWH66J	https://moonsighting.com/faq_pt.html	fetched	200	gzip	35678	13166	
faq_pt.html	20250311175424	LKZYQLFKYH7TNJLDMASMKKCUJIJLJ5WA	https://moonsighting.com/faq_pt.html	disk	-	none	35678	13404	
faq_pt.html	20250401012852	NMNS7DUMWPUTONWLJETOVBNVO7NTNXP7	https://moonsighting.com/faq_pt.html	fetched	200	gzip	35678	13383	
faq_pt.html	20250527080350	YGB3Q2QECWA6BSXIJUYOBZKVBTKQMSKM	https://moonsighting.com/faq_pt.html	fetched	200	gzip	35678	13198	
faq_pt.html	20250711152950	UONJS3H47PNYHRSBOATDHGUXCGDX5LK2	https://www.moonsighting.com/faq_pt.html	fetched	200	gzip	35678	13203	
faq_pt.html	20250714045243	5UQ3G67BVOSKFMYICP6AAZHIDO24CDJU	https://moonsighting.com/faq_pt.html	fetched	200	none	11821	5813	
faq_pt.html	20260131172424	XBHH6PPLGL76SHKDF7H22GG4LGPKHZC7	https://www.moonsighting.com/faq_pt.html	fetched	200	gzip	35678	13198	
faq_pt.html	20260309123609	DGYGJJIOCOZ6BOANPXF6PFY3KEY2VCFK	https://moonsighting.com/faq_pt.html	fetched	200	gzip	35678	13177	
pray.php	20111017162540	LANCKYKLVWUSTD4KJEBR4WREOWVFJIL4	http://www.moonsighting.com:80/pray.php	disk	-	none	10887	3448	
pray.php	20120419003620	RJLFKP7GYKULUWMRKGCOKL42YMI6SNGH	http://moonsighting.com:80/pray.php	fetched	200	none	11132	3297	
pray.php	20120814070544	RFXLDBAYK25KYXALBULMJRNBJRMRYTBK	http://www.moonsighting.com:80/pray.php	fetched	200	none	11508	3488	
pray.php	20121017072545	MF6TQTS5F4OEZWC4WYKTEUSJ2GCVQQ45	http://moonsighting.com:80/pray.php	fetched	200	none	10739	3072	
pray.php	20130119015649	6NRSBENHT44AURSHVGFV7IOHDXUL56T7	http://moonsighting.com:80/pray.php	fetched	200	none	10721	3063	
pray.php	20140624131937	VJ7RY2BBJTJYIIUOHIN6F77Q6SZV4LLR	http://moonsighting.com:80/pray.php	fetched	200	none	11740	3575	
pray.php	20150318071343	CIFKWHH4R3RRNTVCKZINBHKTZCEC2KGC	http://moonsighting.com:80/pray.php	disk	-	none	13924	4247	
pray.php	20150623063904	XJLNJ6BY7S6JASUL2GZZYONJTF4427OC	http://www.moonsighting.com:80/pray.php	fetched	200	none	14114	4344	
pray.php	20170508182952	V6UVSBRUJ3HWR66YJP32NHYLL5W62RDO	http://moonsighting.com:80/pray.php	fetched	200	none	14997	4594	
pray.php	20170623060258	W7IDOHLXU2UOMH6CLPC5U3VMAGR5DV3I	http://moonsighting.com:80/pray.php	disk	-	none	15204	4690	
pray.php	20190328011935	P3WY2YUG6UTOXHRO7PUMNEFSPU2BMO63	https://www.moonsighting.com/pray.php	fetched	200	none	5107	2323	
pray.php	20200114093914	3NDUTKDY6LFM4IINS3ERVS64ZBBJETGV	https://moonsighting.com/pray.php	disk	-	none	5107	2852	
pray.php	20200308081507	NI2CEGAJO36N3MHA4EZSWSWD56S6JBK3	https://www.moonsighting.com/pray.php	fetched	200	none	5108	2320	
pray.php	20200606074632	IZUULN63ADHFPQAZ42ECTG3DQAQCJXF2	https://www.moonsighting.com/pray.php	fetched	200	none	5129	2350	20201116211333,20210226152132
pray.php	20201020115449	NFVUC4RVJPNY76MTBS5ZQXKOVBWTPG52	https://www.moonsighting.com/pray.php	fetched	200	none	5130	2747	
pray.php	20210223205115	7ARLLWUWLKMSEYRQC6Z5X3FEIZVNCDJM	https://moonsighting.com/pray.php	fetched	200	none	5131	1922	
pray.php	20220712212813	S3SIBGYD3NBQ57LMOMQ2QBNRKSSWTBCZ	https://www.moonsighting.com/pray.php	fetched	200	gzip	5129	2794	
pray.php	20221207211727	FB3WJKLXWS2A4KZ4X6W5ACIC2V52RET5	https://moonsighting.com/pray.php	fetched	200	none	1394	1527	
pray.php	20230324211334	STPWMCTNVJXAZLBCJSISNJRBQXRKP2R3	https://www.moonsighting.com/pray.php	fetched	200	none	5130	1917	
pray.php	20231201110046	HL63XH7BF4GLQJHZ2JIQVJLOLQGZSCHT	https://moonsighting.com/pray.php	fetched	200	none	5132	2663	20240724155254,20241006234845
pray.php	20240213100829	QRHKBGEVY5MRTDEYMAWPNZYGYCHP7RYW	https://www.moonsighting.com/pray.php	fetched	200	gzip	5132	2929	
pray.php	20240901162153	6VAPH6ZU3RIP6YP2GO4XA6EPPINVU3X2	https://www.moonsighting.com/pray.php	fetched	200	gzip	1472	1714	
pray.php	20250121111725	ROXNXWX7WBT22RZ3MYT4AZOLK75BB5YI	https://moonsighting.com/pray.php	fetched	200	none	5941	3074	20250427074234,20260608045927
pray.php	20250304085651	E2BTXPFXFRMNMRCDDAEVHTZDNEDVWOC3	https://www.moonsighting.com/pray.php	disk	-	none	11796	6469	
pray.php	20250311233304	PJAOJXLICDWWBZUIHLES65ITFIUSSQ73	https://moonsighting.com/pray.php	fetched	200	gzip	5941	3297	
pray.php	20250527140218	6RQPSL6ISFDF3R5EABYKYMTBH64MN7TC	https://moonsighting.com/pray.php	fetched	200	gzip	11998	6280	
pray.php	20251016224226	S2FH7W4XR5HD5J2LVZERUR7NW6NMFEFK	https://www.moonsighting.com/pray.php	disk	-	none	11588	5742	
pray.php	20260201221941	RXNUZKOAYAPGMGRILLFL7CYB3M2EXXEG	https://www.moonsighting.com/pray.php	fetched	200	gzip	5941	3105	
