1	1	06:14	09:16	11:46	11:46	14:16	16:46
1	2	06:13	09:16	11:46	11:46	14:16	16:47
1	3	06:13	09:17	11:47	11:47	14:17	16:49
1	4	06:12	09:17	11:47	11:47	14:17	16:50
1	5	06:12	09:18	11:48	11:49	14:18	16:52
1	6	06:11	09:18	11:48	11:50	14:18	16:53
1	7	06:10	09:18	11:48	11:52	14:18	16:55
1	8	06:09	09:19	11:49	11:53	14:19	16:57
1	9	06:09	09:19	11:49	11:55	14:19	16:58
1	10	06:08	09:20	11:50	11:57	14:20	17:00
1	11	06:07	09:20	11:50	11:59	14:20	17:02
1	12	06:05	09:20	11:50	12:01	14:20	17:04
1	13	06:04	09:21	11:51	12:02	14:21	17:06
1	14	06:03	09:21	11:51	12:04	14:21	17:08
1	15	06:02	09:22	11:52	12:06	14:22	17:10
1	16	06:00	09:22	11:52	12:08	14:22	17:13
1	17	05:59	09:22	11:52	12:10	14:22	17:15
1	18	05:57	09:23	11:53	12:13	14:23	17:17
1	19	05:55	09:23	11:53	12:15	14:23	17:19
1	20	05:54	09:23	11:53	12:17	14:23	17:22
1	21	05:52	09:22	11:54	12:19	14:24	17:24
1	22	05:50	09:18	11:54	12:21	14:24	17:27
1	23	05:48	09:14	11:54	12:24	14:24	17:29
1	24	05:46	09:11	11:54	12:26	14:28	17:32
1	25	05:44	09:07	11:55	12:28	14:32	17:34
1	26	05:42	09:03	11:55	12:31	14:37	17:37
1	27	05:40	08:59	11:55	12:33	14:41	17:39
1	28	05:37	08:55	11:55	12:35	14:45	17:42
1	29	05:35	08:51	11:55	12:38	14:50	17:45
1	30	05:33	08:47	11:56	12:40	14:54	17:48
1	31	05:30	08:43	11:56	12:43	14:58	17:50
2	1	05:28	08:39	11:56	12:45	15:02	17:53
2	2	05:25	08:35	11:56	12:48	15:07	17:56
2	3	05:23	08:31	11:56	12:50	15:11	17:59
2	4	05:20	08:28	11:56	12:53	15:15	18:02
2	5	05:17	08:24	11:56	12:55	15:19	18:05
2	6	05:14	08:20	11:56	12:58	15:23	18:08
2	7	05:12	08:16	11:56	13:00	15:27	18:11
2	8	05:09	08:12	11:56	13:03	15:31	18:14
2	9	05:06	08:08	11:57	13:05	15:35	18:17
2	10	05:03	08:04	11:57	13:08	15:39	18:20
2	11	05:00	08:00	11:57	13:11	15:43	18:23
2	12	04:56	07:56	11:57	13:13	15:47	18:26
2	13	04:53	07:52	11:57	13:16	15:51	18:29
2	14	04:50	07:48	11:57	13:18	15:55	18:32
2	15	04:47	07:44	11:56	13:21	15:59	18:35
2	16	04:43	07:40	11:56	13:23	16:03	18:39
2	17	04:40	07:36	11:56	13:26	16:07	18:42
2	18	04:36	07:32	11:56	13:28	16:11	18:45
2	19	04:33	07:28	11:56	13:31	16:14	18:49
2	20	04:29	07:24	11:56	13:33	16:18	18:52
2	21	04:26	07:20	11:56	13:36	16:22	18:55
2	22	04:22	07:16	11:56	13:38	16:26	18:59
2	23	04:18	07:12	11:56	13:41	16:29	19:02
2	24	04:14	07:08	11:56	13:43	16:33	19:06
2	25	04:10	07:04	11:55	13:46	16:37	19:09
2	26	04:06	07:00	11:55	13:48	16:40	19:13
2	27	04:02	06:56	11:55	13:51	16:44	19:16
2	28	03:58	06:52	11:55	13:53	16:48	19:20
3	1	03:54	06:48	11:55	13:56	16:51	19:23
3	2	03:50	06:44	11:55	13:58	16:55	19:27
3	3	03:46	06:40	11:54	14:01	16:59	19:31
3	4	03:41	06:36	11:54	14:03	17:02	19:34
3	5	03:37	06:32	11:54	14:05	17:06	19:38
3	6	03:32	06:28	11:54	14:08	17:09	19:42
3	7	03:28	06:24	11:53	14:10	17:13	19:46
3	8	03:23	06:20	11:53	14:12	17:16	19:50
3	9	03:18	06:16	11:53	14:15	17:20	19:54
3	10	03:13	06:12	11:53	14:17	17:23	19:58
3	11	03:08	06:08	11:52	14:19	17:27	20:02
3	12	03:03	06:04	11:52	14:22	17:30	20:06
3	13	03:02	06:00	11:52	14:24	17:34	20:07
3	14	03:01	05:56	11:52	14:26	17:37	20:08
3	15	03:00	05:52	11:51	14:28	17:41	20:09
3	16	02:59	05:48	11:51	14:31	17:44	20:10
3	17	02:58	05:44	11:51	14:33	17:48	20:11
3	18	02:57	05:40	11:51	14:35	17:51	20:12
3	19	02:56	05:36	11:50	14:37	17:55	20:13
3	20	02:55	05:32	11:50	14:39	17:58	20:14
3	21	02:54	05:28	11:50	14:41	18:02	20:15
3	22	02:53	05:24	11:49	14:44	18:05	20:16
3	23	02:52	05:20	11:49	14:46	18:09	20:17
3	24	02:51	05:15	11:49	14:48	18:12	20:18
3	25	02:50	05:11	11:48	14:50	18:16	20:19
3	26	02:49	05:07	11:48	14:52	18:19	20:20
3	27	02:48	05:03	11:48	14:54	18:22	20:21
3	28	02:47	04:59	11:48	14:56	18:26	20:22
3	29	03:47	05:55	12:47	15:58	19:29	21:22
3	30	03:46	05:51	12:47	16:00	19:33	21:23
3	31	03:45	05:47	12:47	16:02	19:36	21:24
4	1	03:44	05:43	12:46	16:04	19:40	21:25
4	2	03:43	05:39	12:46	16:06	19:43	21:26
4	3	03:42	05:35	12:46	16:08	19:47	21:27
4	4	03:39	05:31	12:45	16:10	19:50	21:29
4	5	03:37	05:27	12:45	16:12	19:54	21:32
4	6	03:34	05:22	12:45	16:14	19:57	21:34
4	7	03:31	05:18	12:45	16:15	20:01	21:36
4	8	03:29	05:14	12:44	16:17	20:04	21:38
4	9	03:26	05:10	12:44	16:19	20:08	21:41
4	10	03:23	05:06	12:44	16:21	20:12	21:43
4	11	03:21	05:02	12:44	16:23	20:15	21:45
4	12	03:18	04:58	12:43	16:25	20:19	21:47
4	13	03:15	04:54	12:43	16:26	20:22	21:50
4	14	03:13	04:49	12:43	16:28	20:26	21:52
4	15	03:10	04:45	12:43	16:30	20:30	21:54
4	16	03:07	04:41	12:42	16:32	20:33	21:57
4	17	03:05	04:37	12:42	16:33	20:37	21:59
4	18	03:02	04:33	12:42	16:35	20:41	22:01
4	19	02:59	04:29	12:42	16:37	20:45	22:04
4	20	02:57	04:24	12:41	16:39	20:48	22:06
4	21	02:54	04:20	12:41	16:40	20:52	22:09
4	22	02:51	04:16	12:41	16:42	20:56	22:11
4	23	02:49	04:12	12:41	16:44	21:00	22:14
4	24	02:46	04:08	12:41	16:45	21:04	22:16
4	25	02:43	04:03	12:40	16:47	21:07	22:19
4	26	02:41	03:59	12:40	16:48	21:11	22:21
4	27	02:38	03:55	12:40	16:50	21:15	22:24
4	28	02:35	03:51	12:40	16:52	21:19	22:26
4	29	02:33	03:46	12:40	16:53	21:23	22:29
4	30	02:30	03:42	12:40	16:55	21:27	22:31
5	1	02:27	03:38	12:40	16:56	21:31	22:34
5	2	02:25	03:33	12:39	16:58	21:35	22:37
5	3	02:22	03:29	12:39	16:59	21:40	22:39
5	4	02:19	03:25	12:39	17:01	21:44	22:42
5	5	02:16	03:20	12:39	17:02	21:48	22:45
5	6	02:16	03:16	12:39	17:04	21:52	22:47
5	7	02:16	03:14	12:39	17:05	21:57	22:51
5	8	02:16	03:14	12:39	17:06	22:01	22:54
5	9	02:16	03:14	12:39	17:08	22:05	22:58
5	10	02:16	03:14	12:39	17:09	22:09	23:01
5	11	02:16	03:14	12:39	17:10	22:09	23:01
5	12	02:16	03:14	12:39	17:12	22:09	23:01
5	13	02:16	03:14	12:39	17:13	22:09	23:01
5	14	02:16	03:14	12:39	17:14	22:09	23:01
5	15	02:16	03:14	12:39	17:16	22:09	23:01
5	16	02:16	03:14	12:39	17:17	22:09	23:01
5	17	02:16	03:14	12:39	17:18	22:09	23:01
5	18	02:16	03:14	12:39	17:19	22:09	23:01
5	19	02:16	03:14	12:39	17:21	22:09	23:01
5	20	02:16	03:14	12:39	17:22	22:09	23:01
5	21	02:16	03:14	12:39	17:23	22:09	23:01
5	22	02:16	03:14	12:39	17:24	22:09	23:01
5	23	02:16	03:14	12:39	17:25	22:09	23:01
5	24	02:16	03:14	12:39	17:26	22:09	23:01
5	25	02:16	03:14	12:39	17:27	22:09	23:01
5	26	02:16	03:14	12:39	17:28	22:09	23:01
5	27	02:16	03:14	12:39	17:29	22:09	23:02
5	28	02:16	03:14	12:40	17:30	22:10	23:02
5	29	02:16	03:14	12:40	17:31	22:10	23:02
5	30	02:16	03:14	12:40	17:32	22:10	23:02
5	31	02:16	03:14	12:40	17:33	22:10	23:02
6	1	02:16	03:14	12:40	17:34	22:10	23:02
6	2	02:16	03:14	12:40	17:35	22:10	23:02
6	3	02:16	03:14	12:40	17:36	22:10	23:02
6	4	02:16	03:14	12:41	17:37	22:11	23:02
6	5	02:16	03:14	12:41	17:37	22:11	23:03
6	6	02:16	03:14	12:41	17:38	22:11	23:03
6	7	02:16	03:14	12:41	17:39	22:11	23:03
6	8	02:16	03:14	12:41	17:39	22:11	23:03
6	9	02:16	03:14	12:42	17:40	22:12	23:03
6	10	02:16	03:14	12:42	17:41	22:12	23:03
6	11	02:16	03:14	12:42	17:41	22:12	23:04
6	12	02:16	03:14	12:42	17:42	22:12	23:04
6	13	02:16	03:14	12:42	17:42	22:12	23:04
6	14	02:16	03:14	12:43	17:43	22:13	23:04
6	15	02:16	03:14	12:43	17:43	22:13	23:04
6	16	02:16	03:14	12:43	17:44	22:13	23:04
6	17	02:16	03:14	12:43	17:44	22:13	23:05
6	18	02:16	03:14	12:43	17:45	22:13	23:05
6	19	02:16	03:14	12:44	17:45	22:14	23:05
6	20	02:16	03:14	12:44	17:45	22:14	23:05
6	21	02:16	03:14	12:44	17:45	22:14	23:05
6	22	02:17	03:14	12:44	17:46	22:14	23:05
6	23	02:17	03:15	12:45	17:46	22:14	23:05
6	24	02:17	03:15	12:45	17:46	22:14	23:05
6	25	02:17	03:15	12:45	17:46	22:14	23:05
6	26	02:17	03:15	12:45	17:46	22:14	23:05
6	27	02:17	03:15	12:45	17:46	22:14	23:05
6	28	02:18	03:16	12:46	17:46	22:14	23:05
6	29	02:18	03:16	12:46	17:46	22:14	23:05
6	30	02:18	03:16	12:46	17:46	22:14	23:05
7	1	02:18	03:16	12:46	17:46	22:14	23:05
7	2	02:18	03:16	12:46	17:46	22:14	23:05
7	3	02:18	03:17	12:47	17:45	22:14	23:05
7	4	02:19	03:17	12:47	17:45	22:14	23:05
7	5	02:19	03:17	12:47	17:45	22:14	23:05
7	6	02:19	03:17	12:47	17:45	22:14	23:05
7	7	02:19	03:17	12:47	17:44	22:14	23:05
7	8	02:19	03:17	12:47	17:44	22:14	23:05
7	9	02:19	03:18	12:48	17:43	22:14	23:05
7	10	02:19	03:18	12:48	17:43	22:14	23:05
7	11	02:19	03:18	12:48	17:42	22:14	23:05
7	12	02:20	03:18	12:48	17:42	22:14	23:05
7	13	02:20	03:18	12:48	17:41	22:14	23:05
7	14	02:20	03:18	12:48	17:40	22:14	23:05
7	15	02:20	03:18	12:48	17:40	22:14	23:05
7	16	02:20	03:18	12:48	17:39	22:14	23:05
7	17	02:20	03:19	12:49	17:38	22:14	23:05
7	18	02:20	03:19	12:49	17:37	22:14	23:05
7	19	02:20	03:19	12:49	17:37	22:14	23:05
7	20	02:20	03:19	12:49	17:36	22:14	23:05
7	21	02:20	03:19	12:49	17:35	22:14	23:05
7	22	02:20	03:19	12:49	17:34	22:14	23:05
7	23	02:20	03:19	12:49	17:33	22:14	23:05
7	24	02:20	03:19	12:49	17:32	22:14	23:05
7	25	02:20	03:19	12:49	17:30	22:14	23:05
7	26	02:20	03:19	12:49	17:29	22:14	23:05
7	27	02:20	03:19	12:49	17:28	22:14	23:05
7	28	02:20	03:19	12:49	17:27	22:14	23:05
7	29	02:20	03:19	12:49	17:26	22:14	23:05
7	30	02:20	03:19	12:49	17:24	22:14	23:05
7	31	02:20	03:19	12:49	17:23	22:14	23:05
8	1	02:20	03:19	12:49	17:22	22:14	23:05
8	2	02:20	03:19	12:49	17:20	22:14	23:05
8	3	02:20	03:19	12:49	17:19	22:14	23:05
8	4	02:20	03:19	12:49	17:17	22:14	23:05
8	5	02:20	03:19	12:48	17:16	22:10	23:03
8	6	02:20	03:21	12:48	17:14	22:06	23:00
8	7	02:23	03:25	12:48	17:13	22:01	22:57
8	8	02:25	03:29	12:48	17:11	21:57	22:54
8	9	02:28	03:33	12:48	17:09	21:52	22:51
8	10	02:30	03:38	12:48	17:08	21:48	22:48
8	11	02:33	03:42	12:48	17:06	21:44	22:45
8	12	02:35	03:46	12:48	17:04	21:39	22:42
8	13	02:38	03:50	12:47	17:02	21:35	22:39
8	14	02:40	03:53	12:47	17:01	21:31	22:36
8	15	02:42	03:57	12:47	16:59	21:27	22:33
8	16	02:45	04:01	12:47	16:57	21:22	22:30
8	17	02:47	04:05	12:47	16:55	21:18	22:28
8	18	02:49	04:09	12:46	16:53	21:14	22:25
8	19	02:51	04:13	12:46	16:51	21:10	22:22
8	20	02:54	04:16	12:46	16:49	21:05	22:19
8	21	02:56	04:20	12:46	16:47	21:01	22:16
8	22	02:58	04:24	12:45	16:45	20:57	22:13
8	23	03:00	04:28	12:45	16:43	20:53	22:10
8	24	03:02	04:31	12:45	16:40	20:49	22:08
8	25	03:04	04:35	12:45	16:38	20:44	22:05
8	26	03:07	04:38	12:44	16:36	20:40	22:02
8	27	03:09	04:42	12:44	16:34	20:36	21:59
8	28	03:11	04:46	12:44	16:32	20:32	21:56
8	29	03:13	04:49	12:43	16:29	20:28	21:53
8	30	03:15	04:53	12:43	16:27	20:24	21:51
8	31	03:17	04:56	12:43	16:25	20:19	21:48
9	1	03:19	05:00	12:43	16:22	20:15	21:45
9	2	03:21	05:03	12:42	16:20	20:11	21:42
9	3	03:23	05:07	12:42	16:18	20:07	21:39
9	4	03:25	05:10	12:42	16:15	20:03	21:36
9	5	03:27	05:14	12:41	16:13	19:59	21:34
9	6	03:29	05:17	12:41	16:10	19:55	21:31
9	7	03:31	05:20	12:41	16:08	19:51	21:28
9	8	03:33	05:24	12:40	16:05	19:47	21:25
9	9	03:35	05:27	12:40	16:03	19:42	21:22
9	10	03:37	05:31	12:40	16:00	19:38	21:20
9	11	03:38	05:34	12:39	15:58	19:34	21:18
9	12	03:39	05:37	12:39	15:55	19:30	21:17
9	13	03:39	05:41	12:38	15:53	19:26	21:16
9	14	03:40	05:44	12:38	15:50	19:22	21:15
9	15	03:41	05:48	12:38	15:47	19:18	21:14
9	16	03:42	05:51	12:37	15:45	19:14	21:13
9	17	03:43	05:54	12:37	15:42	19:10	21:12
9	18	03:44	05:58	12:37	15:39	19:06	21:11
9	19	03:44	06:01	12:36	15:37	19:02	21:10
9	20	03:45	06:04	12:36	15:34	18:58	21:08
9	21	03:46	06:08	12:36	15:31	18:54	21:07
9	22	03:47	06:11	12:35	15:28	18:50	21:06
9	23	03:48	06:14	12:35	15:26	18:45	21:05
9	24	03:49	06:18	12:35	15:23	18:41	21:04
9	25	03:49	06:21	12:34	15:20	18:37	21:03
9	26	03:50	06:24	12:34	15:17	18:33	21:02
9	27	03:51	06:28	12:34	15:15	18:29	21:01
9	28	03:52	06:31	12:33	15:12	18:25	21:00
9	29	03:53	06:34	12:33	15:09	18:21	20:59
9	30	03:54	06:38	12:33	15:06	18:17	20:54
10	1	03:54	06:41	12:32	15:03	18:13	20:49
10	2	03:55	06:45	12:32	15:01	18:09	20:45
10	3	03:56	06:48	12:32	14:58	18:05	20:40
10	4	03:57	06:51	12:31	14:55	18:01	20:35
10	5	03:57	06:55	12:31	14:52	17:57	20:31
10	6	04:01	06:58	12:31	14:49	17:53	20:26
10	7	04:05	07:02	12:30	14:46	17:49	20:22
10	8	04:09	07:05	12:30	14:44	17:45	20:18
10	9	04:13	07:08	12:30	14:41	17:41	20:13
10	10	04:17	07:12	12:29	14:38	17:37	20:09
10	11	04:21	07:15	12:29	14:35	17:33	20:05
10	12	04:25	07:19	12:29	14:32	17:29	20:01
10	13	04:28	07:22	12:29	14:29	17:25	19:57
10	14	04:32	07:26	12:28	14:27	17:21	19:53
10	15	04:36	07:29	12:28	14:24	17:17	19:49
10	16	04:39	07:33	12:28	14:21	17:13	19:45
10	17	04:43	07:37	12:28	14:18	17:09	19:41
10	18	04:46	07:40	12:28	14:15	17:05	19:37
10	19	04:50	07:44	12:27	14:13	17:01	19:34
10	20	04:53	07:47	12:27	14:10	16:57	19:30
10	21	04:57	07:51	12:27	14:07	16:53	19:26
10	22	05:00	07:55	12:27	14:04	16:49	19:23
10	23	05:03	07:58	12:27	14:02	16:45	19:19
10	24	05:07	08:02	12:27	13:59	16:41	19:16
10	25	04:10	07:06	11:26	12:56	15:37	18:12
10	26	04:13	07:10	11:26	12:54	15:33	18:09
10	27	04:16	07:13	11:26	12:51	15:29	18:06
10	28	04:19	07:17	11:26	12:48	15:25	18:02
10	29	04:22	07:21	11:26	12:46	15:21	17:59
10	30	04:25	07:25	11:26	12:43	15:17	17:56
10	31	04:29	07:29	11:26	12:40	15:13	17:53
11	1	04:32	07:33	11:26	12:38	15:09	17:50
11	2	04:35	07:36	11:26	12:35	15:05	17:47
11	3	04:38	07:40	11:26	12:33	15:01	17:44
11	4	04:40	07:44	11:26	12:30	14:57	17:41
11	5	04:43	07:48	11:26	12:28	14:54	17:38
11	6	04:46	07:52	11:26	12:26	14:50	17:35
11	7	04:49	07:56	11:26	12:23	14:46	17:32
11	8	04:52	08:00	11:26	12:21	14:42	17:30
11	9	04:55	08:05	11:26	12:19	14:38	17:27
11	10	04:58	08:09	11:26	12:16	14:34	17:24
11	11	05:00	08:13	11:26	12:14	14:30	17:22
11	12	05:03	08:17	11:26	12:12	14:26	17:19
11	13	05:06	08:21	11:27	12:10	14:22	17:17
11	14	05:08	08:25	11:27	12:08	14:18	17:14
11	15	05:11	08:30	11:27	12:06	14:14	17:12
11	16	05:13	08:34	11:27	12:04	14:10	17:10
11	17	05:16	08:38	11:27	12:02	14:06	17:08
11	18	05:18	08:42	11:27	12:00	14:03	17:06
11	19	05:21	08:47	11:28	11:58	13:59	17:03
11	20	05:23	08:51	11:28	11:56	13:58	17:01
11	21	05:26	08:55	11:28	11:54	13:58	17:00
11	22	05:28	08:58	11:28	11:53	13:58	16:58
11	23	05:30	08:59	11:29	11:51	13:59	16:56
11	24	05:33	08:59	11:29	11:50	13:59	16:54
11	25	05:35	08:59	11:29	11:48	13:59	16:52
11	26	05:37	08:59	11:29	11:47	13:59	16:51
11	27	05:39	09:00	11:30	11:45	14:00	16:49
11	28	05:41	09:00	11:30	11:44	14:00	16:48
11	29	05:43	09:00	11:30	11:43	14:00	16:47
11	30	05:45	09:01	11:31	11:42	14:01	16:45
12	1	05:47	09:01	11:31	11:40	14:01	16:44
12	2	05:49	09:02	11:32	11:39	14:02	16:43
12	3	05:51	09:02	11:32	11:38	14:02	16:42
12	4	05:52	09:02	11:32	11:38	14:02	16:41
12	5	05:54	09:03	11:33	11:37	14:03	16:40
12	6	05:56	09:03	11:33	11:36	14:03	16:39
12	7	05:57	09:04	11:34	11:35	14:04	16:38
12	8	05:59	09:04	11:34	11:35	14:04	16:38
12	9	06:00	09:04	11:34	11:34	14:04	16:37
12	10	06:02	09:05	11:35	11:35	14:05	16:36
12	11	06:03	09:05	11:35	11:35	14:05	16:36
12	12	06:04	09:06	11:36	11:36	14:06	16:36
12	13	06:05	09:06	11:36	11:36	14:06	16:35
12	14	06:06	09:07	11:37	11:37	14:07	16:35
12	15	06:08	09:07	11:37	11:37	14:07	16:35
12	16	06:09	09:08	11:38	11:38	14:08	16:35
12	17	06:09	09:08	11:38	11:38	14:08	16:35
12	18	06:10	09:09	11:39	11:39	14:09	16:35
12	19	06:11	09:09	11:39	11:39	14:09	16:35
12	20	06:12	09:10	11:40	11:40	14:10	16:36
12	21	06:12	09:10	11:40	11:40	14:10	16:36
12	22	06:13	09:11	11:41	11:41	14:11	16:37
12	23	06:13	09:11	11:41	11:41	14:11	16:37
12	24	06:14	09:12	11:42	11:42	14:12	16:38
12	25	06:14	09:12	11:42	11:42	14:12	16:38
12	26	06:14	09:13	11:43	11:43	14:13	16:39
12	27	06:14	09:13	11:43	11:43	14:13	16:40
12	28	06:14	09:14	11:44	11:44	14:14	16:41
12	29	06:14	09:14	11:44	11:44	14:14	16:42
12	30	06:14	09:15	11:45	11:45	14:15	16:43
12	31	06:14	09:15	11:45	11:45	14:15	16:44
